"","logFC","logCPM","PValue","FDR","woundCtrl","phyB.R_Avg_CPM","WT.R_Avg_CPM","Gene_ID","A._thaliana_best_hit","Symbol","Description","TF","Leaf_development"
"BraA09006975",-3.98836074208726,3.31864477414658,5.31390120139584e-27,1.39401341516617e-23,FALSE," 21.4707522","  1.3484011","BraA09006975","AT1G02340","HFR1","basic helix-loop-helix (bHLH) DNA-binding superfamily protein","YES","YES"
"BraA05000169",-3.51004073044577,2.74648093827763,3.96790275513663e-21,6.93942104065006e-18,FALSE," 8.9880126"," 0.7649085","BraA05000169","AT2G46970","PIL1","phytochrome interacting factor 3-like 1","YES","YES"
"BraA10000108",-4.34424464988425,2.03770969362568,9.73302447141139e-21,1.53197805180015e-17,FALSE," 8.2901251"," 0.3891133","BraA10000108","AT1G02340","HFR1","basic helix-loop-helix (bHLH) DNA-binding superfamily protein","YES","YES"
"BraA05003622",-1.78612590940027,7.13025394701372,2.0755520312468e-16,1.92171699834263e-13,FALSE,"249.29848"," 71.53521","BraA05003622","AT3G14900","EMB3120","hypothetical protein","-","-"
"BraA10000085",-2.02920741227136,6.17926093154099,9.315544722052e-13,5.86506695700394e-10,FALSE,"270.69322"," 66.99662","BraA10000085","AT1G01060","LHY","Homeodomain-like superfamily protein","YES","YES"
"BraA10002022",-1.82533640755059,4.55425651609485,1.49959483003121e-12,9.078316394112e-10,FALSE,"82.07354","23.26828","BraA10002022","AT5G17290","APG5","autophagy protein Apg5 family","-","YES"
"BraA09000092",-1.15227761485408,6.31849966853494,5.07300110914861e-11,2.57577540187094e-08,FALSE,"126.98508"," 56.81348","BraA09000092","AT4G01037","WTF1","Ubiquitin carboxyl-terminal hydrolase family protein","-","-"
"BraA01002253",-2.13804824947168,4.17027308366002,5.27133348848006e-11,2.59283715964613e-08,FALSE,"33.962946"," 7.747671","BraA01002253","AT5G48930","HCT","hydroxycinnamoyl-CoA shikimate/quinate hydroxycinnamoyl transferase","-","YES"
"BraA03001901",-2.06439255484769,4.16925861403801,6.5305992850935e-11,3.11489796204156e-08,FALSE,"17.254443"," 4.122593","BraA03001901","AT2G34360","AT2G34360","MATE efflux family protein","-","-"
"BraA06001092",-1.45446157174506,4.05731213968914,1.08010610991262e-09,4.04782623095826e-07,FALSE,"27.434258","10.000840","BraA06001092","AT1G48570","AT1G48570","zinc finger (Ran-binding) family protein","-","-"
"BraA09004791",-1.0972670030329,5.83273994834356,1.98849554736385e-09,6.95531553677932e-07,FALSE,"91.62354","42.69693","BraA09004791","AT3G54090","FLN1","fructokinase-like 1","-","YES"
"BraA01002573",-1.0778091277261,7.53607024902246,3.12827747917995e-09,1.02581432338109e-06,FALSE,"282.49613","133.21517","BraA01002573","AT3G48500","PDE312","Nucleic acid-binding, OB-fold-like protein","-","-"
"BraA06004229",-1.42917371110013,4.4096401250666,1.39203464962101e-08,3.84396936579557e-06,FALSE,"30.73941","11.31142","BraA06004229","AT3G27550","AT3G27550","RNA-binding CRS1 / YhbY (CRM) domain protein","-","-"
"BraA09005270",-1.1282584953695,4.87952038873938,1.53053096739693e-08,3.94927170931602e-06,FALSE,"28.96681","13.19224","BraA09005270","AT3G59820","LETM1","LETM1-like protein","-","-"
"BraA07003265",-1.02305967929724,7.00041346686295,2.39631868425418e-08,5.89344626408763e-06,FALSE,"245.63384","120.31921","BraA07003265","AT1G69200","FLN2","fructokinase-like protein","-","YES"
"BraA05002410",-2.1992693160899,2.14778872432654,4.27871131300225e-08,9.76042261835586e-06,FALSE," 3.7346402"," 0.8067085","BraA05002410","AT1G32190","AT1G32190","alpha/beta-Hydrolases superfamily protein","-","-"
"BraA09005533",-1.89703535511947,2.97831160404216,5.80673125667127e-08,1.26941597194452e-05,FALSE," 8.373107"," 2.253443","BraA09005533","AT3G62950","AT3G62950","Thioredoxin superfamily protein","-","-"
"BraA07003035",-2.13366673499705,2.54228784796125,6.37042755682023e-08,1.35500715870744e-05,FALSE," 6.6618412"," 1.4949973","BraA07003035","AT5G38890","AT5G38890","Nucleic acid-binding, OB-fold-like protein","-","-"
"BraA01004327",-1.50925839136216,6.11361425171277,8.29765238405123e-08,1.65322846234135e-05,FALSE," 65.81401"," 22.99861","BraA01004327","AT3G10720","AT3G10720","Plant invertase/pectin methylesterase inhibitor superfamily","-","-"
"BraA09004923",-1.22257767114333,3.7765196706233,1.73033135994968e-07,3.13712236801973e-05,FALSE,"34.776216","15.122752","BraA09004923","AT3G55580","AT3G55580","Regulator of chromosome condensation (RCC1) family protein","-","-"
"BraA05002989",-1.1904422177022,4.41697060823164,2.66590395896168e-07,4.66236981267299e-05,FALSE,"38.10207","16.61145","BraA05002989","AT3G20440","EMB2729","Alpha amylase family protein","-","-"
"BraA05003648",-1.19383864382554,3.68873410361217,4.26339469841617e-07,6.95605819059581e-05,FALSE,"35.776916","15.787217","BraA05003648","AT3G14720","MPK19","MAP kinase 19","-","-"
"BraA07002065",-1.50695095528719,6.64325653978521,4.33096380354758e-07,6.95605819059581e-05,FALSE,"155.29221"," 54.13622","BraA07002065","AT3G57140","SDP1-LIKE","sugar-dependent 1-like protein","-","-"
"BraA03002475",-1.73698379246013,3.91165556472079,4.91732383608899e-07,7.73986771800407e-05,FALSE,"22.062875"," 6.603238","BraA03002475","AT2G40360","AT2G40360","Transducin/WD40 repeat-like superfamily protein","-","-"
"BraA06004817",-1.35087843833659,7.52886617507131,5.76915206972661e-07,8.73138976706701e-05,FALSE,"257.57811","100.38985","BraA06004817","AT1G54040","ESP","epithiospecifier protein","-","YES"
"BraA05001456",-1.83711685505242,4.60246416558816,6.68277985606787e-07,9.83055653593536e-05,FALSE,"89.3585099","25.1563503","BraA05001456","AT2G31380","STH","salt tolerance homologue","YES","-"
"BraA10000906",-1.24410821991331,5.63359438560963,1.01430932593115e-06,0.000137631282673761,FALSE,"51.21802","21.46805","BraA10000906","AT5G53170","FTSH11","FTSH protease 11","-","-"
"BraA05003570",-1.15965256192816,5.08765187037556,1.20467889694941e-06,0.000159341561663728,FALSE,"97.94362","43.92674","BraA05003570","AT3G15430","AT3G15430","Regulator of chromosome condensation (RCC1) family protein","-","-"
"BraA09004121",-1.86073588612011,3.37389551453702,1.22776453299933e-06,0.000161041781245078,FALSE,"34.938356"," 9.748214","BraA09004121","AT1G26790","AT1G26790","Dof-type zinc finger DNA-binding family protein","YES","-"
"BraA04002319",-1.86105623797233,4.87953612400553,1.2942692759753e-06,0.000168361970279763,FALSE,"108.831240"," 30.180057","BraA04002319","AT2G31380","STH","salt tolerance homologue","YES","-"
"BraA01000630",-1.37090337463402,7.75014163320039,1.93436210318282e-06,0.000247535443122745,FALSE,"621.0794","241.2326","BraA01000630","AT4G32190","AT4G32190","Myosin heavy chain-related protein","-","-"
"BraA02001910",-1.35535615312377,6.56706690353287,2.04519180156506e-06,0.000255486658385985,FALSE,"140.35542"," 54.53955","BraA02001910","AT1G67120","AT1G67120","midasin-like protein","-","-"
"BraA06003550",-1.26145611415362,2.87563183549355,2.64035958548214e-06,0.000318271839753588,FALSE," 9.830583"," 4.096863","BraA06003550","AT5G23690","AT5G23690","Polynucleotide adenylyltransferase family protein","-","-"
"BraA09000308",-1.12508480388427,3.69999954427753,2.91928207958734e-06,0.000340366666168183,FALSE,"21.015362"," 9.624083","BraA09000308","AT3G26782","AT3G26782","Tetratricopeptide repeat (TPR)-like superfamily protein","-","-"
"BraA03004240",-3.02090173595349,-0.174036417936675,4.07893712523824e-06,0.000452130072896126,FALSE," 1.0991042"," 0.1267003","BraA03004240","AT3G21330","AT3G21330","basic helix-loop-helix (bHLH) DNA-binding superfamily protein","YES","-"
"BraA08004022",-1.26824171953421,6.31243876971453,4.22225378723307e-06,0.000461515795910059,FALSE,"220.13479"," 91.88370","BraA08004022","AT1G01060","LHY","Homeodomain-like superfamily protein","YES","YES"
"BraA05000790",-1.36122967576084,9.0090776547336,4.76816423080541e-06,0.000502898478481504,FALSE,"1334.2114"," 522.9561","BraA05000790","AT2G39730","RCA","rubisco activase","-","YES"
"BraA08000799",-1.20573616110856,4.40511486103209,5.03850491834565e-06,0.000525205744468612,FALSE,"30.35182","13.25544","BraA08000799","AT5G37600","GSR 1","hypothetical protein","-","YES"
"BraA01001556",-5.99644083043383,-1.64300643682591,5.61793076737826e-06,0.00057419630050996,FALSE," 0.69667128"," 0.00000000","BraA01001556","AT4G24000","CSLG2","cellulose synthase like G2","-","-"
"BraA07003442",-1.60045520033401,2.89284518813613,7.02849571379629e-06,0.000687844376827718,FALSE,"13.574037"," 4.456010","BraA07003442","AT1G71110","AT1G71110","transmembrane protein","-","-"
"BraA10002024",-1.31930197663626,3.57956557113901,8.21899750223874e-06,0.000793662703590415,FALSE,"21.475274"," 8.613316","BraA10002024","AT5G17270","AT5G17270","Protein prenylyltransferase superfamily protein","-","-"
"BraA02000242",-3.93445859153982,0.958280266674312,8.7463909621943e-06,0.000824360441586457,FALSE," 1.71281535"," 0.09567083","BraA02000242","AT5G07200","GA20OX3","gibberellin 20-oxidase 3","-","-"
"BraA07002656",-1.00273467086255,3.21178073833749,8.85683379314116e-06,0.000824890910674804,FALSE,"17.825987"," 8.975776","BraA07002656","AT1G74750","AT1G74750","Pentatricopeptide repeat (PPR) superfamily protein","-","-"
"BraA03005579",-1.67659345250532,5.85119719061865,1.01617353896506e-05,0.000919228247316669,FALSE," 53.21028"," 16.49585","BraA03005579","AT4G25260","AT4G25260","Plant invertase/pectin methylesterase inhibitor superfamily protein","-","-"
"BraA05000899",-1.46887068573325,7.62933877412004,1.10392293553789e-05,0.000987258352577637,FALSE," 130.3099","  47.1651","BraA05000899","AT2G38170","CAX1","cation exchanger 1","-","-"
"BraA10000910",-3.26880623414183,0.6565431187646,1.29528464193513e-05,0.00112639669967177,FALSE," 2.51627715"," 0.25209040","BraA10000910","AT5G53200","TRY","Homeodomain-like superfamily protein","YES","YES"
"BraA09001613",-1.44314731493591,4.27457754443558,1.46829882522583e-05,0.00125603388636166,FALSE,"25.35369"," 9.26732","BraA09001613","AT1G63250","AT1G63250","DEA(D/H)-box RNA helicase family protein","-","-"
"BraA02000863",-1.27698116216166,3.52308652212521,1.54748722785321e-05,0.00130253737788286,FALSE,"22.418555"," 9.272673","BraA02000863","AT5G18820","Cpn60alpha2","TCP-1/cpn60 chaperonin family protein","-","-"
"BraA03004274",-1.05608558648875,10.287044007296,1.64055998811012e-05,0.00135907443225543,FALSE," 629.2477"," 299.9692","BraA03004274","AT3G22142","AT3G22142","Bifunctional inhibitor/lipid-transfer protein/seed storage 2S albumin superfamily protein","-","-"
"BraA10001893",-1.4154523338993,4.96496995292024,1.99696055318462e-05,0.00161192666383251,FALSE,"101.81875"," 38.45937","BraA10001893","AT5G18670","BMY3","beta-amylase 3","-","-"
"BraA03001099",-1.77239167614477,5.65964556253364,2.00365837030601e-05,0.00161192666383251,FALSE," 46.858433"," 13.568555","BraA03001099","AT5G22650","HD2B","histone deacetylase 2B","-","-"
"BraA05003460",-1.35724342033194,4.97887975017394,2.007227611888e-05,0.00161192666383251,FALSE,"36.49717","14.11448","BraA05003460","AT3G16810","PUM24","pumilio 24","-","-"
"BraA05003643",-2.0019967602957,3.08794059979108,2.30629011222879e-05,0.00178822691460499,FALSE,"35.644594"," 9.006532","BraA05003643","AT3G14770","SWEET2","Nodulin MtN3 family protein","-","-"
"BraA08002999",-1.42356426133267,2.93024098980805,2.45441660686037e-05,0.00188451304351133,FALSE,"11.173546"," 4.166835","BraA08002999","AT1G26880","AT1G26880","Ribosomal protein L34e superfamily protein","-","-"
"BraA09001327",-1.30126523694727,3.73471586004651,2.66638441136594e-05,0.0019985186016619,FALSE,"19.058522"," 7.663593","BraA09001327","AT2G20710","AT2G20710","Tetratricopeptide repeat (TPR)-like superfamily protein","-","-"
"BraA05001255",-1.22244368997136,4.88532579196545,2.82747158666727e-05,0.00205089413705727,FALSE,"47.410926","20.257149","BraA05001255","AT1G32580","AT1G32580","plastid developmental protein DAG","-","-"
"BraA01004248",-1.14946568215971,5.51589311185101,2.86840633474167e-05,0.00207095943993088,FALSE,"60.46423","27.19393","BraA01004248","AT3G11964","AT3G11964","RIBOSOMAL RNA PROCESSING 5","-","-"
"BraA06003855",-1.50251613823684,3.44236924242592,3.12128482072583e-05,0.00219325995884931,FALSE,"21.517404"," 7.482660","BraA06003855","AT5G27330","AT5G27330","Prefoldin chaperone subunit family protein","-","-"
"BraA03000924",-1.84407506075431,4.07385530640014,3.53607330696524e-05,0.00245188519170189,FALSE,"61.165889","17.220713","BraA03000924","AT5G18670","BMY3","beta-amylase 3","-","-"
"BraA05000184",-1.70998499768243,5.84918662821364,3.6027104711861e-05,0.00247627348543533,FALSE,"174.55537"," 53.65331","BraA05000184","AT2G46830","CCA1","circadian clock associated 1","YES","-"
"BraA03004892",-1.16040301912262,4.07698985949084,3.97868223464619e-05,0.00268774499456357,FALSE,"20.038025"," 8.906276","BraA03004892","AT3G52170","AT3G52170","DNA binding protein","-","-"
"BraA05004412",-1.94007469010647,1.90548295386397,4.69301381981862e-05,0.00305239824479112,FALSE,"8.2300378","2.1089946","BraA05004412","AT3G05770","AT3G05770","hypothetical protein","-","-"
"BraA07002303",-1.06500697062844,5.49693142386868,5.53598980459628e-05,0.00352779269329334,FALSE,"64.82395","30.81703","BraA07002303","AT3G61780","emb1703","embryo defective 1703","-","-"
"BraA09001596",-2.63195174320282,2.87841856076783,5.63158700097779e-05,0.00357424110465284,FALSE,"15.098208"," 2.428955","BraA09001596","AT1G63660","AT1G63660","GMP synthase (glutamine-hydrolyzing), putative / glutamine amidotransferase","-","-"
"BraA07000129",-1.28659901954355,2.2578675067517,5.6882518836427e-05,0.00359570621078458,FALSE," 7.349979"," 2.994179","BraA07000129","AT2G19490","RECA2","recA DNA recombination family protein","-","-"
"BraA06002902",-2.01020182457787,3.49421923090226,5.98346685498186e-05,0.00376719073189658,FALSE,"15.061578"," 3.686112","BraA06002902","AT3G49240","emb1796","Pentatricopeptide repeat (PPR) superfamily protein","-","YES"
"BraA03003147",-1.09012513062009,3.62552890247485,7.05890700370757e-05,0.00434012485306082,FALSE,"18.421821"," 8.590339","BraA03003147","AT4G01450","UMAMIT30","nodulin MtN21 /EamA-like transporter family protein","-","-"
"BraA08001772",-1.25911101622465,2.83774283091457,7.2953860941e-05,0.00441314062551643,FALSE,"11.549372"," 4.815640","BraA08001772","AT4G33250","EIF3K","eukaryotic translation initiation factor 3K","-","-"
"BraA03006017",-1.06372794600283,5.15306346314591,7.43408879381643e-05,0.0044491466773639,FALSE,"42.57109","20.23787","BraA03006017","AT4G30990","AT4G30990","ARM repeat superfamily protein","-","-"
"BraA02000192",-1.0228616922984,2.64397959554871,7.61152562982197e-05,0.00453808384141658,FALSE,"10.049351"," 4.963643","BraA02000192","AT5G05560","EMB2771","E3 ubiquitin ligase","-","-"
"BraA09000515",-1.0659964515697,6.67775250608253,7.76592637307301e-05,0.00461266721177997,FALSE,"125.27681"," 59.37875","BraA09000515","AT5G27120","AT5G27120","NOP56-like pre RNA processing ribonucleoprotein","-","-"
"BraA04001235",-1.1651844713632,2.43573759421866,7.85209720438811e-05,0.00464631616530334,FALSE,"8.913096","3.969554","BraA04001235","AT5G39350","AT5G39350","Tetratricopeptide repeat (TPR)-like superfamily protein","-","-"
"BraA10002784",-2.74348157141509,3.62703374361362,8.13739924349407e-05,0.00476143732686233,FALSE,"14.527098"," 2.168632","BraA10002784","AT5G07200","GA20OX3","gibberellin 20-oxidase 3","-","-"
"BraA07001404",-1.62107477635373,3.82527626178923,8.22070994040362e-05,0.00479236942451678,FALSE,"42.977223","14.075813","BraA07001404","AT1G23030","AT1G23030","ARM repeat superfamily protein","-","-"
"BraA09000711",-1.0785649369272,4.15761040723126,8.37261280341487e-05,0.00486291238102399,FALSE,"29.757681","14.013158","BraA09000711","AT5G23310","FSD3","Fe superoxide dismutase 3","-","-"
"BraA01000624",-3.02759506603273,1.24084425256139,8.95929151242706e-05,0.00515015199394968,FALSE," 4.5958592"," 0.5467774","BraA01000624","AT4G32280","IAA29","indole-3-acetic acid inducible 29","-","YES"
"BraA10002697",-1.26953774883666,4.03631220910194,0.00010111611724043,0.00554553200475389,FALSE,"19.495344"," 8.004149","BraA10002697","AT5G06550","AT5G06550","transferring glycosyl group transferase","-","-"
"BraA10000533",-1.03660452167709,5.58222682556481,0.000101507688563505,0.00554767714579714,FALSE,"60.78472","29.41248","BraA10000533","AT1G06720","AT1G06720","P-loop containing nucleoside triphosphate hydrolases superfamily protein","-","-"
"BraA05002275",-1.3420732934727,5.03738717841623,0.000112225786997777,0.00594758884627948,FALSE,"49.802974","19.460505","BraA05002275","AT4G09800","RPS18C","S18 ribosomal protein","-","-"
"BraA01000355",-1.50094275529193,4.8100863353384,0.000134770693930269,0.00693232262242625,FALSE,"71.023822","24.957141","BraA01000355","AT4G35090","CAT2","catalase 2","-","YES"
"BraA06003864",-1.20668788021453,6.32824778308412,0.000142554515051289,0.00722266490283071,FALSE," 96.60426"," 41.47708","BraA06003864","AT5G27120","AT5G27120","NOP56-like pre RNA processing ribonucleoprotein","-","-"
"BraA08001647",-1.69634218574392,4.34983943218104,0.000147519501542298,0.00726966104196662,FALSE," 5.04768740"," 1.53387968","BraA08001647","AT4G34950","AT4G34950","Major facilitator superfamily protein","-","-"
"BraA02003639",-1.13050402524879,2.60740924469033,0.000147794887765522,0.00726966104196662,FALSE," 7.6784078"," 3.4938494","BraA02003639","AT3G26410","TRM11","tRNA modification 11 protein","-","-"
"BraA03005586",-1.06010664011229,4.77521191389216,0.000154793052044888,0.00747375042695256,FALSE,"33.68136","16.07702","BraA03005586","AT4G25340","FKBP53","FK506 BINDING PROTEIN 53","-","-"
"BraA01002297",-1.01147591401869,4.83225433204343,0.000156889786258171,0.00752879645031588,FALSE,"35.97309","17.71798","BraA01002297","AT3G21540","AT3G21540","transducin family protein / WD-40 repeat family protein","-","-"
"BraA08001546",-2.25793170011076,2.07119542840602,0.000170662974335587,0.00804262040731181,FALSE," 5.310186"," 1.091185","BraA08001546","AT4G21070","BRCA1","breast cancer susceptibility1","-","YES"
"BraA03003530",-1.08285685086717,5.33478645830177,0.000187410717041064,0.00872735114268152,FALSE,"54.52079","25.55932","BraA03003530","AT3G07050","NSN1","GTP-binding family protein","-","-"
"BraA02000324",-1.02116587322114,4.33429345003439,0.000193161219306962,0.00888993447921515,FALSE,"37.78173","18.68619","BraA02000324","AT5G09590","MTHSC70-2","mitochondrial HSO70 2","-","YES"
"BraA05001243",-1.08817640683993,3.3899616110196,0.000194499944232407,0.00892544933591277,FALSE,"24.728888","11.678288","BraA05001243","AT2G33550","AT2G33550","Homeodomain-like superfamily protein","YES","-"
"BraA03003068",-1.02052242489656,3.5752840247926,0.000230455553888107,0.010202143120933,FALSE,"14.221263"," 7.015832","BraA03003068","AT4G02660","AT4G02660","Beige/BEACH and WD40 domain-containing protein","-","-"
"BraA02002867",-1.10153913693385,3.81602630009658,0.000235162251856258,0.010310456390578,FALSE,"19.285378"," 8.936798","BraA02002867","AT1G64880","AT1G64880","Ribosomal protein S5 family protein","-","-"
"BraA01001705",-1.18056305707882,5.0826468076057,0.000238270444650533,0.0104177133299983,FALSE,"44.52122","19.56020","BraA01001705","AT4G25340","FKBP53","FK506 BINDING PROTEIN 53","-","-"
"BraA06002109",-1.29324092916506,3.65618192869966,0.000246024931560515,0.0106094038979795,FALSE,"39.342018","16.250046","BraA06002109","AT1G19390","AT1G19390","Wall-associated kinase family protein","-","-"
"BraA01000121",-1.00825366974126,6.74831722726719,0.000269588598957028,0.0114067864182355,FALSE,"132.61829"," 65.48899","BraA01000121","AT4G37910","mtHsc70-1","mitochondrial heat shock protein 70-1","-","YES"
"BraA01004156",-1.01999066527577,3.57845579831173,0.000286619297290049,0.012030367304921,FALSE,"17.107175"," 8.421502","BraA01004156","AT3G13160","AT3G13160","Tetratricopeptide repeat (TPR)-like superfamily protein","-","-"
"BraA01003377",-1.1787922250279,3.62964923613923,0.000298660386887282,0.0124628923194302,FALSE,"14.533165"," 6.361131","BraA01003377","AT3G22660","AT3G22660","rRNA processing protein-like protein","-","-"
"BraA09005927",-4.08088221717964,2.14573469411553,0.000303369205937906,0.0125990271806402,FALSE,"  3.5900888","  0.1994386","BraA09005927","AT2G20670","AT2G20670","sugar phosphate exchanger, putative (DUF506)","-","-"
"BraA08000704",-1.41064791792307,2.72213010579415,0.000305478200067142,0.0126532286027811,FALSE,"11.817531"," 4.430432","BraA08000704","AT1G43780","scpl44","serine carboxypeptidase-like 44","-","-"
"BraA02003641",-1.15110852084172,3.05089651157051,0.000320934283768608,0.0130868021412381,FALSE," 5.262163"," 2.417228","BraA02003641","AT3G26500","PIRL2","plant intracellular ras group-related LRR 2","-","-"
"BraA08003639",-1.16093553051628,3.59360003724926,0.000333575976267878,0.0134627842729651,FALSE,"14.069964"," 6.286112","BraA08003639","AT1G10490","AT1G10490","GNAT acetyltransferase (DUF699)","-","-"
"BraA05004112",-1.28759448650803,4.57018231807696,0.000337587607357709,0.0135749583225279,FALSE,"67.24486","27.70389","BraA05004112","AT3G09600","RVE8","Homeodomain-like superfamily protein","YES","-"
"BraA01001062",-1.02808914618012,3.10516601911139,0.000353160076626613,0.014072758496463,FALSE," 9.906208"," 4.849181","BraA01001062","AT4G18440","AT4G18440","L-Aspartase-like family protein","-","-"
"BraA03002724",-2.61690401869868,0.477687753356797,0.000356818472246137,0.0141826332150359,FALSE," 3.1983583"," 0.5116052","BraA03002724","AT2G24210","TPS10","terpene synthase 10","-","-"
"BraA02000760",-1.03943500709368,3.3577630188779,0.000361168796099554,0.0142834091723793,FALSE,"22.109183","10.799754","BraA02000760","AT5G17290","APG5","autophagy protein Apg5 family","-","YES"
"BraA02001831",-2.29542122710813,2.58749643787626,0.000408866105968085,0.0156337864796561,FALSE,"22.25655453"," 4.58644229","BraA02001831","AT1G65480","FT","PEBP (phosphatidylethanolamine-binding protein) family protein","-","YES"
"BraA03004305",-1.33784022100073,2.83319238471085,0.000409219823990999,0.0156337864796561,FALSE,"10.275653"," 4.026752","BraA03004305","AT3G22660","AT3G22660","rRNA processing protein-like protein","-","-"
"BraA06004754",-1.11515015519227,2.07271127840733,0.000422017256197959,0.015967672145567,FALSE," 4.887542"," 2.263399","BraA06004754","AT5G45430","AT5G45430","Protein kinase superfamily protein","-","-"
"BraA01003871",-1.04146843999534,4.83448219193433,0.000438629508126466,0.0163991174772223,FALSE,"41.75118","20.28751","BraA01003871","AT3G16800","AT3G16800","Protein phosphatase 2C family protein","-","-"
"BraA03001189",-1.02960019413703,4.31032544685038,0.0004877313157024,0.0177322407032762,FALSE,"55.273855","27.342616","BraA03001189","AT5G59480","AT5G59480","Haloacid dehalogenase-like hydrolase (HAD) superfamily protein","-","-"
"BraA09003031",-1.14640673870483,4.02828377160904,0.000497227263174339,0.0180330809271062,FALSE,"20.832640"," 9.386847","BraA09003031","AT5G20160","AT5G20160","Ribosomal protein L7Ae/L30e/S12e/Gadd45 family protein","-","-"
"BraA07002918",-1.2411332742499,3.59683705589788,0.000541834141634131,0.0192951796138489,FALSE,"14.328094"," 6.053100","BraA07002918","AT1G68570","AT1G68570","Major facilitator superfamily protein","-","-"
"BraA08001892",-1.44073459786718,2.14896453782648,0.000555007986952179,0.0196752831410525,FALSE," 6.199380"," 2.276403","BraA08001892","AT4G31120","SKB1","SHK1 binding protein 1","-","YES"
"BraA04000666",-1.22037190116631,3.51416436390771,0.000565201401551078,0.0199916181132898,FALSE,"25.647124","10.920036","BraA04000666","AT3G52740","AT3G52740","hypothetical protein","-","-"
"BraA09004983",-1.59219835160607,3.96052230808823,0.000585591478109097,0.0204681122956744,FALSE,"25.288209"," 8.413300","BraA09004983","AT3G56200","AT3G56200","Transmembrane amino acid transporter family protein","-","-"
"BraA08002503",-1.58793868519654,2.47957356065032,0.000587775524628006,0.0204681122956744,FALSE,"17.015972"," 5.701697","BraA08002503","AT4G38960","BBX19","B-box type zinc finger family protein","YES","-"
"BraA03006026",-1.21296630864346,2.59019069569372,0.000610410956262591,0.0209778787152253,FALSE," 8.605835"," 3.713537","BraA03006026","AT4G31120","SKB1","SHK1 binding protein 1","-","YES"
"BraA04002762",-1.24507931167041,5.81457825484561,0.000655600599139024,0.0220494731419834,FALSE," 60.83325"," 25.84629","BraA04002762","AT2G38170","CAX1","cation exchanger 1","-","-"
"BraA03003804",-1.62204837268212,4.7177364366835,0.000662257994792285,0.0221785975277246,FALSE,"26.137466"," 8.368443","BraA03003804","AT3G12700","NANA","Eukaryotic aspartyl protease family protein","-","-"
"BraA05003741",-1.49817856588532,2.78321126650543,0.000672485639696302,0.0223310632253582,FALSE," 7.756841"," 2.723594","BraA05003741","AT3G13784","CWINV5","cell wall invertase 5","-","-"
"BraA10002815",-1.50215200708885,4.07302901618752,0.000785380364981192,0.0248730119613762,FALSE,"40.3324290","14.3217907","BraA10002815","AT5G07990","TT7","Cytochrome P450 superfamily protein","-","-"
"BraA09000099",-1.66903243149042,4.94393393084464,0.000834239704392142,0.0260534383871673,FALSE,"127.963737"," 40.588821","BraA09000099","AT1G64780","AMT1;2","ammonium transporter 1;2","-","-"
"BraA07003516",-1.13140351703162,2.82142669117818,0.000901381347656329,0.0274956248296717,FALSE,"13.839720"," 6.249357","BraA07003516","AT1G72040","dNK","P-loop containing nucleoside triphosphate hydrolases superfamily protein","-","-"
"BraA08000396",-1.25072401897704,1.9723139321897,0.000997962851402539,0.0294707979007054,FALSE," 5.608019"," 2.361004","BraA08000396","AT1G48920","NUC-L1","nucleolin like 1","-","YES"
"BraA10001366",-1.17390428358866,3.71945245136547,0.00101043765350812,0.0297276423667621,FALSE,"13.545934"," 5.962140","BraA10001366","AT5G58370","AT5G58370","P-loop containing nucleoside triphosphate hydrolases superfamily protein","-","-"
"BraA01004464",-1.11048489289062,4.83343591159094,0.00107894108310909,0.0311878392004122,FALSE,"37.00159","17.16999","BraA01004464","AT3G07770","Hsp89.1","HEAT SHOCK PROTEIN 89.1","-","-"
"BraA06001091",-1.1353649942529,2.64470041427595,0.00108447656460974,0.031263115617138,FALSE,"7.1566264","3.2481952","BraA06001091","AT3G17970","TOC64-III","translocon at the outer membrane of chloroplasts 64-III","-","-"
"BraA05003024",-1.07394717774895,5.99119360731291,0.00110429461963761,0.0314884009295216,FALSE,"90.41826","43.18668","BraA05003024","AT1G78500","AT1G78500","Terpenoid cyclases family protein","-","-"
"BraA02000948",-1.66854020089477,2.24341640026437,0.00111261805256551,0.0315542489142003,FALSE,"16.466922"," 5.253826","BraA02000948","AT5G20190","AT5G20190","Tetratricopeptide repeat (TPR)-like superfamily protein","-","-"
"BraA10001567",-1.26689826749024,3.06808733137969,0.00111943681841448,0.0315769453796487,FALSE,"10.920577"," 4.491473","BraA10001567","AT5G60590","AT5G60590","DHBP synthase RibB-like alpha/beta domain-containing protein","-","-"
"BraA09000049",-1.08113807645436,2.79083062514819,0.00113983041526952,0.0319390982536652,FALSE," 9.204808"," 4.344953","BraA09000049","AT4G00620","EMB3127","Amino acid dehydrogenase family protein","-","-"
"BraA03002039",-1.0049690646936,6.17433493316886,0.00117357871018826,0.0327520015928426,FALSE,"90.90430","45.04717","BraA03002039","AT3G53430","AT3G53430","Ribosomal protein L11 family protein","-","-"
"BraA04002912",-1.26118880532185,3.51243819347279,0.00127927262634611,0.0349579012824439,FALSE,"14.810477"," 6.177226","BraA04002912","AT2G40400","AT2G40400","DUF399 family protein, putative (DUF399 and DUF3411)","-","-"
"BraA05002464",-1.02321316020517,3.88379972726257,0.00128920125976902,0.0351073145826373,FALSE,"25.603861","12.592795","BraA05002464","AT3G23020","AT3G23020","Tetratricopeptide repeat (TPR)-like superfamily protein","-","-"
"BraA09000273",-1.18888655119757,4.97054598259615,0.00135841521389262,0.0363793272120123,FALSE,"57.36441","25.36465","BraA09000273","AT4G03420","AT4G03420","hypothetical protein (DUF789)","-","-"
"BraA05002485",-1.40175307632607,5.84942940307242,0.00138049759733412,0.0367665519154637,FALSE,"218.041935"," 82.692497","BraA05002485","AT3G22840","ELIP1","Chlorophyll A-B binding family protein","-","YES"
"BraA05001703",-1.15089444881737,2.43762020884011,0.00148654077044232,0.0386746309533257,FALSE,"8.435626","3.803926","BraA05001703","AT4G14850","LOI1","Pentatricopeptide repeat (PPR) superfamily protein","-","-"
"BraA08002357",-1.88875749406879,3.49654325312726,0.0015990358981156,0.0405295089152006,FALSE," 4.138106"," 1.094869","BraA08002357","AT4G37220","AT4G37220","Cold acclimation protein WCOR413 family","-","-"
"BraA07003764",-1.48819334818583,4.90743611769981,0.00173692186177481,0.0426507801939712,FALSE,"18.6500014"," 6.6587949","BraA07003764","AT1G75250","RL6","RAD-like 6","YES","-"
"BraA02004068",-1.10026439568324,3.01119349630631,0.00182234566701728,0.0437368630499195,FALSE,"11.909436"," 5.513931","BraA02004068","AT5G26180","AT5G26180","S-adenosyl-L-methionine-dependent methyltransferases superfamily protein","-","-"
"BraA05004225",-1.22321756186795,3.31154017711171,0.00182561111968215,0.0437368630499195,FALSE,"13.014326"," 5.563461","BraA05004225","AT3G07770","Hsp89.1","HEAT SHOCK PROTEIN 89.1","-","-"
"BraSca000802",-1.05767316177129,4.09736207222627,0.00187986642917422,0.0446291064784348,FALSE,"41.856384","20.298966","BraSca000802","AT3G05640","AT3G05640","Protein phosphatase 2C family protein","-","-"
"BraA06002344",-2.283505106469,3.45375089099876,0.0020473701977309,0.0473210086817686,FALSE," 1.7650255"," 0.3489874","BraA06002344","AT1G21670","AT1G21670","DPP6 amino-terminal domain protein","-","-"
"BraA03003112",-1.12084663062148,3.55498097878965,0.00209462725946013,0.0481305592173759,FALSE,"16.842629"," 7.676567","BraA03003112","AT4G01990","AT4G01990","Tetratricopeptide repeat (TPR)-like superfamily protein","-","-"
"BraA08002213",-1.24263778614339,4.76080974932919,0.0021089360571103,0.0483182729824106,FALSE,"36.012412","15.046011","BraA08002213","AT4G25630","FIB2","fibrillarin 2","-","-"
"BraA04002552",-1.03175397563329,3.6918078469362,0.0021560452674067,0.0488894977853869,FALSE,"16.427428"," 8.036168","BraA04002552","AT2G35240","MORF6","plastid developmental protein DAG","-","-"
