"","logFC","logCPM","F","PValue","FDR","woundCtrl","WT.P_Avg_CPM","phyB.P_Avg_CPM","WT.D_Avg_CPM","phyB.D_Avg_CPM","WT.R_Avg_CPM","phyB.R_Avg_CPM","Gene_ID","A._thaliana_best_hit","Symbol","Description","TF","Leaf_development"
"BraA03003874",-6.56218746743394,4.78051121436367,324.235292066517,3.8240477777348e-15,6.01905120215458e-11,FALSE,"44.760448"," 9.299576","19.458835"," 5.384240","51.596351"," 9.463859","BraA03003874","AT3G13930","AT3G13930","Dihydrolipoamide acetyltransferase, long form protein","-","YES"
"BraA06001733",-3.56102579017666,4.49862407647708,123.236959713606,9.12925065035536e-11,7.18472026182967e-07,FALSE,"26.12625","13.04381","30.62903","13.51002","29.81474","11.45315","BraA06001733","AT1G15470","AT1G15470","Transducin/WD40 repeat-like superfamily protein","-","-"
"BraA03000168",-2.81287841533518,5.60248779356133,103.941710531774,4.77191385230959e-10,1.87774810088382e-06,FALSE,"68.87629","38.59302","48.66326","24.33508","57.14685","28.93049","BraA03000168","AT5G04420","AT5G04420","Galactose oxidase/kelch repeat superfamily protein","-","-"
"BraA04002996",-4.69210967480488,8.45776794572992,100.994960134364,6.28048829821235e-10,1.97709771627725e-06,FALSE," 240.80169","  62.95631","1220.74728"," 711.26495"," 148.38963","  37.66825","BraA04002996","AT2G41560","ACA4","autoinhibited Ca(2 )-ATPase, isoform 4","-","-"
"BraA10002309",-4.98015142837137,4.9701074056443,86.0238223474856,2.83174086188738e-09,5.57145014576343e-06,FALSE,"51.096211","12.194355","43.071400","22.514474","35.243502"," 8.886652","BraA10002309","AT5G13280","AK-LYS1","aspartate kinase 1","-","-"
"BraA03000237",-2.64605818813342,4.42403662263211,80.6967452625173,5.09249356068277e-09,8.01558486451468e-06,FALSE,"21.00391","10.73425","40.26334","24.52134","23.89057","12.22041","BraA03000237","AT5G05780","RPN8A","RP non-ATPase subunit 8A","-","YES"
"BraA03000160",-3.85787781320733,3.11445482543703,76.705873228359,8.06698819125548e-09,1.07864661207043e-05,FALSE,"11.212937"," 3.851383"," 9.921935"," 4.995193","11.625562"," 4.617456","BraA03000160","AT5G04250","AT5G04250","Cysteine proteinases superfamily protein","-","-"
"BraA03000192",-2.54840677294027,5.80403634846205,76.5426101882906,8.22348115936795e-09,1.07864661207043e-05,FALSE," 59.30589"," 34.48366","100.59054"," 61.43737"," 62.31945"," 30.03020","BraA03000192","AT5G04900","NOL","NYC1-like protein","-","-"
"BraA03000304",-3.13129513107263,5.49506675266033,75.2430861577797,9.59338867717025e-09,1.16153798291277e-05,FALSE,"62.26839","28.92390","50.62397","27.61009","51.58429","23.16265","BraA03000304","AT5G07240","IQD24","IQ-domain 24","-","-"
"BraA03000163",-2.77867844908415,4.54789897463437,73.6875244614526,1.15680850065171e-08,1.30058327144699e-05,FALSE,"19.684196","10.232570","53.942438","31.326429","22.181236","10.720108","BraA03000163","AT5G04320","AT5G04320","Shugoshin C terminus","-","-"
"BraA03000175",-2.04927385548829,5.6501962773794,72.2111738979377,1.38562763041824e-08,1.45398526018554e-05,FALSE,"53.92528","31.81995","87.73547","56.32931","44.48356","28.36983","BraA03000175","AT5G04670","AT5G04670","Enhancer of polycomb-like transcription factor protein","-","-"
"BraA03000194",-2.46828650069695,6.34237680044828,70.0758082838244,1.80812512041061e-08,1.75181231147316e-05,FALSE,"104.42699"," 53.72959","114.12018"," 71.20872"," 76.10848"," 42.81617","BraA03000194","AT5G04930","ALA1","aminophospholipid ATPase 1","-","-"
"BraA03000348",-2.01517099087539,5.4564447691147,69.457609252766,1.95520476137233e-08,1.75181231147316e-05,FALSE,"51.89390","32.17426","51.16167","34.98032","51.29162","29.88920","BraA03000348","AT5G08080","SYP132","syntaxin of plants 132","-","-"
"BraA03000147",-3.14723773992969,4.24719529915359,69.0359581603291,2.06295650919346e-08,1.75181231147316e-05,FALSE,"21.57561","11.93878","21.61459","11.62295","26.29613"," 9.99334","BraA03000147","AT5G03880","AT5G03880","Thioredoxin family protein","-","-"
"BraA03000159",-3.44298165533437,3.97359583667239,68.8421248429191,2.11464002020267e-08,1.75181231147316e-05,FALSE,"17.576211"," 7.829217","26.092189","12.203296","15.169779"," 6.653326","BraA03000159","AT5G04170","AT5G04170","Calcium-binding EF-hand family protein","-","-"
"BraA03000167",-2.75283149797054,5.67313018278108,66.6041950814408,2.82490524549872e-08,2.11733374114999e-05,FALSE," 36.54976"," 22.53111","121.89802"," 65.43696"," 57.22285"," 25.68112","BraA03000167","AT5G04410","NAC2","NAC domain containing protein 2","YES","YES"
"BraA03000300",-2.43649102313177,6.55227077311967,59.677858063142,7.26926359891478e-08,5.20082768395085e-05,FALSE," 91.43232"," 47.25272","189.16693","117.19284"," 92.05666"," 53.13168","BraA03000300","AT5G07120","SNX2b","sorting nexin 2B","-","-"
"BraA03000396",-2.92811619130237,3.89872572628691,55.4937952205581,1.33895332265376e-07,9.16309795590008e-05,FALSE,"21.941234","11.365032","12.791415"," 6.370062","20.795132","10.525441","BraA03000396","AT5G08580","AT5G08580","Calcium-binding EF hand family protein","-","-"
"BraA03000408",-1.97181651484501,5.36203962396633,54.9099273373377,1.46192270698613e-07,9.58777641998402e-05,FALSE,"47.13485","28.45853","54.96318","37.33244","43.24226","26.87195","BraA03000408","AT5G09400","KUP7","K  uptake permease 7","-","-"
"BraA03000391",-2.16640743847204,6.2138850228531,54.2573456995648,1.61406373042787e-07,0.000101621452467739,FALSE," 71.76554"," 42.70815","133.73354"," 93.95750"," 81.45509"," 43.40752","BraA03000391","AT5G08550","ILP1","GC-rich sequence DNA-binding factor-like protein","-","-"
"BraA03000306",-1.98692733958191,4.55600719360933,53.4935611826773,1.81433093895168e-07,0.000109836803765767,FALSE,"27.56305","17.71920","24.38487","16.44432","30.32221","17.58593","BraA03000306","AT5G07300","BON2","Calcium-dependent phospholipid-binding Copine family protein","-","-"
"BraA03000173",-2.54730307434455,3.99326599840921,53.0200256854628,1.95195416653191e-07,0.000111157774734591,FALSE,"16.852064","10.232386","29.397009","14.111461","15.900570"," 9.353015","BraA03000173","AT5G04520","AT5G04520","3-oxoacyl-acyl-carrier synthase-like protein (Protein of unknown function DUF455)","-","-"
"BraA03000269",-2.03765899361671,7.03320098214549,52.9364739103181,1.97739370557087e-07,0.000111157774734591,FALSE,"149.79654"," 93.82483","167.28939","112.03916","144.28934"," 83.78623","BraA03000269","AT5G06600","UBP12","ubiquitin-specific protease 12","-","-"
"BraA03000328",-3.20957908684973,5.19178259276644,51.5513263121703,2.45613968684851e-07,0.000133309098865502,FALSE,"59.12370","25.61451","26.79724","14.62826","46.34352","21.04904","BraA03000328","AT5G07740","AT5G07740","actin binding protein","-","-"
"BraA03000137",-2.50193706269078,4.73617573256616,51.0556831819516,2.65693218368461e-07,0.000139400375237319,FALSE,"33.07561","18.16644","24.47335","14.87014","36.60904","19.38147","BraA03000137","AT5G03730","CTR1","Protein kinase superfamily protein","-","YES"
"BraA08003890",-2.55176765398941,4.27837148881259,49.8876867180792,3.20430666474433e-07,0.000162696086784115,FALSE,"19.786113","11.355630","26.504306","21.660634","25.514695"," 9.284645","BraA08003890","AT1G05500","NTMC2T2.1","Calcium-dependent lipid-binding (CaLB domain) family protein","-","-"
"BraA03000618",-3.48720116568655,4.75940751262011,49.6119186271224,3.35070572652975e-07,0.000164812837923682,FALSE,"48.811776","23.583963","25.880316","10.656030","21.877726"," 9.754232","BraA03000618","AT5G13710","SMT1","sterol methyltransferase 1","-","-"
"BraA03000245",-2.76660092262873,6.21033343729313,47.7892048653662,4.52171072374891e-07,0.000215671899369115,FALSE," 89.85099"," 38.90282","117.81692"," 65.00481"," 64.79617"," 39.77678","BraA03000245","AT5G06110","AT5G06110","DnaJ and myb-like DNA-binding domain-containing protein","YES","-"
"BraA03000329",-2.862663599683,3.86823969913941,47.1145042680086,5.06240505601202e-07,0.000234359575240086,FALSE,"16.894979"," 8.287158","24.270463","12.634757","11.723122"," 6.293208","BraA03000329","AT5G07790","AT5G07790","hypothetical protein","-","-"
"BraA03000339",-2.44932450970264,4.28811913335576,46.2416481736342,5.86867021377442e-07,0.000252509589593437,FALSE,"22.16795","11.91931","29.31448","17.41460","22.09885","12.64188","BraA03000339","AT5G07890","AT5G07890","myosin heavy chain-like protein","-","-"
"BraA03000382",-1.84523672095124,8.41602394542515,46.1749945983194,5.9357400349156e-07,0.000252509589593437,FALSE,"388.2394","252.1437","384.0742","234.9977","412.5638","288.9663","BraA03000382","AT5G08530","CI51","51 kDa subunit of complex I","-","-"
"BraA03000128",-2.79966651429204,5.26856944040767,44.4711275852585,7.96736188144387e-07,0.000330016515826122,FALSE,"27.64900","14.33669","99.94891","55.35302","34.78057","17.36853","BraA03000128","AT5G03560","AT5G03560","Tetratricopeptide repeat (TPR)-like superfamily protein","-","-"
"BraA03000218",-2.97584375710704,5.66782191495427,42.4545114140112,1.14016575158964e-06,0.000455284185781933,FALSE," 36.54498"," 19.27416","157.62912"," 87.15692"," 24.85695"," 10.83684","BraA03000218","AT5G05180","AT5G05180","myosin heavy chain, striated protein","-","-"
"BraA03000204",-2.229373137743,4.99097284027566,42.3733152134151,1.15701190795917e-06,0.000455284185781933,FALSE,"24.32819","15.85605","76.03553","45.35679","28.05871","15.42505","BraA03000204","AT5G05080","UBC22","ubiquitin-conjugating enzyme 22","-","-"
"BraA03000238",-1.99554105624396,4.30275541569017,42.1959230820375,1.19476515450287e-06,0.000458673256875005,FALSE,"24.42184","13.33549","16.27080","12.65349","25.87940","15.23426","BraA03000238","AT5G05820","AT5G05820","Nucleotide-sugar transporter family protein","-","-"
"BraA07001444",-7.4673108060239,3.87238817145297,41.8760046246012,1.26628079247796e-06,0.000472546326056778,FALSE,"23.007327"," 3.867001","28.789548"," 5.012656","10.529419"," 2.057462","BraA07001444","AT1G22400","UGT85A1","UDP-Glycosyltransferase superfamily protein","-","-"
"BraA03000381",-3.276099934366,6.40337072505474,41.7701999577819,1.2909461258222e-06,0.000472546326056778,FALSE," 84.92320"," 36.28608","203.92046","127.00048"," 60.25946"," 23.32188","BraA03000381","AT5G08520","AT5G08520","Duplicated homeodomain-like superfamily protein","YES","-"
"BraA03000221",-1.89151819226322,6.36613642014529,40.5402668210768,1.61936733360052e-06,0.000573649397313834,FALSE," 90.50396"," 49.79878","131.65672"," 86.67019"," 84.25838"," 62.73002","BraA03000221","AT5G05210","AT5G05210","Surfeit locus protein 6","-","-"
"BraA03000286",-3.07344601729194,5.66512149396408,40.07170159619,1.76751589054776e-06,0.000604797828635256,FALSE,"50.47608","27.67289","84.06051","31.67291","68.31397","39.29521","BraA03000286","AT5G06850","FTIP1","C2 calcium/lipid-binding plant phosphoribosyltransferase family protein","-","-"
"BraA03000378",-2.37976857418671,8.40648088322249,38.3550084617493,2.45007145816033e-06,0.000783612185353307,FALSE,"359.5499","175.1302","599.6240","366.8577","378.4994","244.0537","BraA03000378","AT5G08450","AT5G08450","zinc finger CCCH domain protein","-","-"
"BraA03000246",-2.66006175501806,6.62593119176,38.3467652667715,2.4539716377145e-06,0.000783612185353307,FALSE,"120.14533"," 49.47074","172.21726"," 94.63469"," 78.80234"," 55.03279","BraA03000246","AT5G06110","AT5G06110","DnaJ and myb-like DNA-binding domain-containing protein","YES","-"
"BraA03000195",-2.07070860479167,4.61098983062756,38.272868286091,2.48923819997874e-06,0.000783612185353307,FALSE,"23.27788","12.30128","46.09244","34.25349","21.56785","13.10942","BraA03000195","AT5G04940","SUVH1","SU(VAR)3-9 homolog 1","-","-"
"BraA03000355",-2.17136690044843,4.89018099465506,38.1449097121869,2.55161512286129e-06,0.000787498471251699,FALSE,"37.32387","27.49628","23.35290","12.90125","43.55213","23.66680","BraA03000355","AT5G08170","EMB1873","porphyromonas-type peptidyl-arginine deiminase family protein","-","-"
"BraA03000360",-2.78160102286729,5.64775152271488,37.7702760060546,2.74421956631763e-06,0.000830654153343068,FALSE,"96.93445","40.31854","14.46749","13.02848","64.55219","24.88023","BraA03000360","AT5G08280","HEMC","hydroxymethylbilane synthase","-","YES"
"BraA09004990",-3.26512466949039,4.29094381065118,36.658454171835,3.41513885686866e-06,0.000995918013630339,FALSE,"35.483957","16.854826"," 7.172040"," 2.898116","23.667422","12.872315","BraA09004990","AT3G56270","AT3G56270","WEB family protein (DUF827)","-","-"
"BraA03000494",-5.84398773927584,2.37376735618524,38.7120654550406,3.41674540889697e-06,0.000995918013630339,FALSE,"8.3412309","6.9041929","0.3025052","0.0000000","3.8122050","2.0721931","BraA03000494","AT5G11410","AT5G11410","Protein kinase superfamily protein","-","-"
"BraA03000235",-2.40203079721812,7.66897999109289,36.2421687229844,3.71061005817396e-06,0.00106190913301197,FALSE,"337.35773","199.11401"," 27.32365"," 17.16122","319.90677","162.50004","BraA03000235","AT5G05740","EGY2","ethylene-dependent gravitropism-deficient and yellow-green-like 2","-","-"
"BraA03000169",-2.36525555057178,4.8323156758604,35.7272422872451,4.11514595730396e-06,0.00115664995299936,FALSE,"43.76377","23.53419","17.59111","11.65979","40.98204","22.15180","BraA03000169","AT5G04430","BTR1L","binding to TOMV RNA 1L (long form)","-","-"
"BraA03004932",-6.52016786093799,7.37983749526749,34.0015496390593,5.86169649069341e-06,0.00161539795070684,FALSE," 88.56427"," 20.47922","586.74172","145.83932","192.78656"," 36.66430","BraA03004932","AT4G15530","PPDK","pyruvate orthophosphate dikinase","-","-"
"BraA03000398",-2.66581294819275,5.00035448848626,33.927726859216,5.95254645114337e-06,0.00161539795070684,FALSE,"50.83270","22.47747","12.44247"," 8.64337","49.20582","25.00258","BraA03000398","AT5G08630","AT5G08630","DDT domain-containing protein","-","-"
"BraA03000188",-2.15293941894278,3.81652785450949,33.5068125886483,6.50068952773796e-06,0.00170189966532136,FALSE,"18.731305","13.764650"," 8.956935"," 5.154608","19.093333","10.130275","BraA03000188","AT5G04850","VPS60.2","SNF7 family protein","-","-"
"BraA03000372",-2.04922837620241,5.0788092108927,33.4378116852847,6.59567214641698e-06,0.00170189966532136,FALSE,"37.55630","22.51086","35.40040","26.52744","46.58876","24.97247","BraA03000372","AT5G08380","AGAL1","alpha-galactosidase 1","-","-"
"BraA03000374",-2.41676199592915,4.27935082320817,32.2055519144285,8.57290691985075e-06,0.00217641217610404,FALSE,"25.572284","17.887559","14.152592"," 6.615272","29.033846","16.399746","BraA03000374","AT5G08390","AT5G08390","Transducin/WD40 repeat-like superfamily protein","-","-"
"BraA03000357",-2.22796649311179,3.1485581263636,31.3581535890292,1.03033124067045e-05,0.00257419265526236,FALSE,"10.772848"," 5.870579","10.066828"," 6.686392"," 9.554507"," 5.647573","BraA03000357","AT5G08200","AT5G08200","peptidoglycan-binding LysM domain-containing protein","-","-"
"BraA03000208",-1.84229811100708,5.05983415243753,29.6215854103433,1.51614598939727e-05,0.00372877154267392,FALSE,"41.16231","24.58741","33.81270","21.30446","41.74134","30.97932","BraA03000208","AT5G05100","AT5G05100","Single-stranded nucleic acid binding R3H protein","-","-"
"BraA09006187",-3.59063484621383,9.18555732434706,27.8233602705075,2.29439761671554e-05,0.00555597207493886,FALSE,"1197.11535"," 520.39123","  81.28768","  84.89552"," 779.93895"," 142.24942","BraA09006187","AT1G15820","LHCB6","light harvesting complex photosystem II subunit 6","-","YES"
"BraA03000308",-1.71952053646699,6.76662254228114,27.5640846942913,2.43871006690776e-05,0.00581595400804972,FALSE,"144.14146"," 93.96212"," 99.13049"," 70.79328","124.63698"," 81.23410","BraA03000308","AT5G07350","Tudor1","TUDOR-SN protein 1","-","-"
"BraA03000252",-1.40541613809876,7.04840173530599,27.3185111161694,2.58454076585224e-05,0.00607174203798721,FALSE,"152.81374","112.26075"," 80.69533"," 58.94621","219.72096","154.68167","BraA03000252","AT5G06220","AT5G06220","LETM1-like protein","-","-"
"BraA06001469",-7.88107101409487,2.39102021350488,26.8820821669441,2.86767675231761e-05,0.00663782824727634,FALSE," 1.9167701"," 0.4071539","22.6087396"," 3.6608898"," 3.5920565"," 0.4314255","BraA06001469","AT1G11330","AT1G11330","S-locus lectin protein kinase family protein","-","-"
"BraA01001936",-1.20202445004417,4.37393952648349,26.7428511653023,2.96497087131611e-05,0.00676357123398776,FALSE,"26.80820","21.84254","14.01263","10.58487","25.65350","18.09836","BraA01001936","AT4G27620","AT4G27620","intracellular protein transporter","-","-"
"BraA01002026",-2.79605997978211,4.32319310670899,26.0634010980382,3.49422225414124e-05,0.00774634623664551,FALSE,"21.375447","12.493157","42.762582","21.444026","11.742063"," 5.745224","BraA01002026","AT4G26420","GAMT1","S-adenosyl-L-methionine-dependent methyltransferases superfamily protein","-","-"
"BraA03000234",-2.54169958683871,6.62625656086405,25.9400993624459,3.60086140808087e-05,0.00777066037015645,FALSE,"129.88213"," 91.18068"," 71.38746"," 27.57510","138.73922"," 87.92693","BraA03000234","AT5G05730","ASA1","anthranilate synthase alpha subunit 1","-","-"
"BraA03000421",-1.90684659071408,5.81791120101394,25.6074362002,3.90664793995982e-05,0.00830954575337401,FALSE,"93.67832","45.98971","32.02700","27.16815","63.30330","40.45618","BraA03000421","AT5G09760","AT5G09760","Plant invertase/pectin methylesterase inhibitor superfamily","-","-"
"BraA03000401",-1.62948081983085,7.31238993980439,25.2829469355402,4.23232819377828e-05,0.00888224610267601,FALSE,"217.62749","165.27393"," 93.24667"," 55.83840","188.25492","133.69620","BraA03000401","AT5G08690","AT5G08690","ATP synthase alpha/beta family protein","-","-"
"BraA03000416",-2.14893060570694,6.73215818897715,24.9972321410651,4.54363882030835e-05,0.00919636764233735,FALSE,"108.67629"," 79.58030","139.16951"," 69.63965","140.02975"," 86.19118","BraA03000416","AT5G09590","MTHSC70-2","mitochondrial HSO70 2","-","YES"
"BraA06002299",-2.02597310965025,2.96660028625752,24.9640088126586,4.58142608727217e-05,0.00919636764233735,FALSE," 8.095957"," 5.267360","13.200621"," 6.913605"," 7.938751"," 5.702533","BraA06002299","AT5G03540","EXO70A1","exocyst subunit exo70 family protein A1","-","YES"
"BraA03000200",-2.53940601675496,5.44278773213619,23.8772820495779,6.02738946750149e-05,0.0115696475876187,FALSE,"58.36311","21.33903","71.97211","43.58504","33.33688","25.86313","BraA03000200","AT5G04980","AT5G04980","DNAse I-like superfamily protein","-","-"
"BraA09005648",-5.12474538437104,3.3602342577856,23.8296697157161,6.10119997291195e-05,0.0115702274185101,FALSE,"19.7469571"," 3.0691910"," 1.3282882"," 1.1014249"," 3.6814298"," 0.8060753","BraA09005648","AT3G63520","CCD1","carotenoid cleavage dioxygenase 1","-","-"
"BraA03000172",-2.52248847842071,4.95868872644266,23.7762078312088,6.1852532647535e-05,0.0115899864746691,FALSE,"33.26115","16.46876","48.86318","34.08612","30.61854","15.49517","BraA03000172","AT5G04490","VTE5","phytol kinase 1 VTE5","-","-"
"BraA02004375",-2.17471180048013,3.58487488039259,23.6275932170978,6.42560090688586e-05,0.0118987009734569,FALSE,"12.719219"," 6.480303","13.572154","12.103375","18.541830"," 9.050243","BraA02004375","AT5G63380","AT5G63380","AMP-dependent synthetase and ligase family protein","-","-"
"BraA03000402",-1.55054676829499,6.67807944543214,23.3087452225643,6.97628850527212e-05,0.0126214690888486,FALSE,"133.43644"," 92.06448"," 75.24060"," 53.58435","136.66570"," 94.82362","BraA03000402","AT5G08680","AT5G08680","ATP synthase alpha/beta family protein","-","-"
"BraA04003292",-1.9108594804462,5.60002700891291,23.1511089158293,7.26735095496734e-05,0.0127676303448739,FALSE,"69.93028","40.99007","44.99409","43.49979","36.21273","16.98460","BraA04003292","AT2G46550","AT2G46550","transmembrane protein","-","-"
"BraA03000375",-2.25573460099677,5.00162025995989,23.0662551190337,7.42947909041887e-05,0.0128505495476036,FALSE,"40.44780","24.87290","35.32869","19.75062","37.61291","22.83853","BraA03000375","AT5G08400","AT5G08400","structural maintenance of chromosomes-like protein, putative (DUF3531)","-","-"
"BraA05003243",-2.68012174903683,4.09348097208593,23.0015680898631,7.55571988440802e-05,0.0129268511935415,FALSE,"32.193217","15.467902"," 8.821109","11.862135","17.979438"," 4.309414","BraA05003243","AT3G58970","MGT6","magnesium transporter 6","-","-"
"BraA03000395",-1.71650234590026,7.59051725287266,22.4398642642375,8.75549370485788e-05,0.0145212691010373,FALSE,"235.3080","155.1204","164.1973","103.9231","264.5231","192.8207","BraA03000395","AT5G08570","AT5G08570","Pyruvate kinase family protein","-","-"
"BraA03000302",-6.96560457560643,5.48867568945417,22.4360037077915,8.76442544217624e-05,0.0145212691010373,FALSE," 96.664970"," 23.120531","  5.769238","  2.252419"," 68.696336","  5.429007","BraA03000302","AT5G07200","GA20OX3","gibberellin 20-oxidase 3","-","-"
"BraA03000354",-2.43759772376318,3.82593147193373,20.9303241643793,0.000131389936363081,0.0201400981829218,FALSE,"14.748556","11.026631","12.623239"," 6.539087","22.537360","10.645501","BraA03000354","AT5G08160","PK3","serine/threonine protein kinase 3","-","-"
"BraA03000186",-1.7093742004567,6.68309798154492,20.9137971225545,0.000131985978655444,0.0201400981829218,FALSE,"125.09196"," 85.39332"," 37.50245"," 25.01258","179.79640","120.73624","BraA03000186","AT5G04830","AT5G04830","Nuclear transport factor 2 (NTF2) family protein","-","-"
"BraA03000255",-2.00686356058982,4.71381253404486,20.4812735948772,0.000148681021646797,0.0220777290634017,FALSE,"23.63308","17.35622","46.57751","26.36024","26.80785","16.01914","BraA03000255","AT5G04800","AT5G04800","Ribosomal S17 family protein","-","-"
"BraA03000025",-4.89896988948406,3.28526748591988,20.442238824538,0.00015029726375108,0.0221091488919813,FALSE,"14.062454"," 3.804929","19.762547"," 8.312883"," 6.552710"," 1.961468","BraA03000025","AT5G01610","AT5G01610","hypothetical protein (Protein of unknown function, DUF538)","-","-"
"BraA03002437",-2.4620277458147,4.63806550924831,20.2454429118516,0.000158742487361694,0.023135247695121,FALSE,"38.517191","22.988816","11.668102"," 6.240157","33.568229","18.791148","BraA03002437","AT2G44060","AT2G44060","Late embryogenesis abundant protein, group 2","-","-"
"BraA03000356",-1.88820446460062,4.90243177458537,20.1122985689085,0.000164748768624308,0.0234764324668688,FALSE,"26.49795","16.13181","60.10076","42.49455","24.74976","15.63103","BraA03000356","AT5G23090","NF-YB13","nuclear factor Y, subunit B13","YES","-"
"BraA08002786",-4.71741012830771,3.35849229829993,20.0947635382566,0.000165558068857842,0.0234764324668688,FALSE,"13.8047048"," 4.7547404"," 8.8969122"," 9.0855052"," 8.6413034"," 0.9509979","BraA08002786","AT1G29280","WRKY65","WRKY DNA-binding protein 65","YES","-"
"BraA03001717",-3.04345757420576,5.40538249834212,19.7668474093117,0.000181518681916147,0.025509857619287,FALSE,"64.115126","55.725164","20.042111"," 9.740238","47.077176","13.541463","BraA03001717","AT2G30620","AT2G30620","winged-helix DNA-binding transcription factor family protein","-","-"
"BraA03000212",-2.35218160742992,3.48549614180794,19.7033627566674,0.000184798268083866,0.0257409268994695,FALSE,"11.556573"," 6.424677","17.599561"," 8.574368","12.898240"," 9.407195","BraA03000212","AT5G05140","AT5G05140","Transcription elongation factor (TFIIS) family protein","-","-"
"BraA03000179",-2.67298789111534,5.10145672988854,19.5671205946052,0.000192056546966468,0.0265172811337912,FALSE,"24.90452","17.11903","86.96055","41.34375","30.01029","14.50602","BraA03000179","AT5G04740","ACR12","ACT domain-containing protein","-","-"
"BraA01000645",-2.39015790620197,5.70725750582309,19.2073731568145,0.000212758768132562,0.0291202000904916,FALSE,"56.71034","36.42027","92.85178","51.62658","46.01831","24.51866","BraA01000645","AT4G32060","AT4G32060","calcium-binding EF hand family protein","-","-"
"BraA03001712",-2.55610963176909,3.7551541088558,19.0179034278416,0.000224629933954622,0.0304799582797048,FALSE,"17.003226"," 5.795494","20.089590","21.257578","13.067307"," 6.194488","BraA03001712","AT2G30520","RPT2","Phototropic-responsive NPH3 family protein","-","-"
"BraA03000180",-1.95168939505864,7.69672917772659,18.9126852471226,0.000231532617552969,0.0306245663889389,FALSE,"209.4629","145.9547","344.2279","194.4663","187.6654","123.3318","BraA03000180","AT5G04750","AT5G04750","F1F0-ATPase inhibitor protein","-","-"
"BraA01001042",-3.29226699121445,3.39510909377478,18.5355644626362,0.00025823811564935,0.033046080815616,FALSE,"16.844195"," 9.748481"," 4.184142"," 1.026392","13.396937"," 9.790104","BraA01001042","AT4G18220","AT4G18220","Drug/metabolite transporter superfamily protein","-","-"
"BraA03000424",-1.22821153429936,7.12392268364938,18.3922768511135,0.000269250058713479,0.0336797991400753,FALSE,"158.44879","116.79525","146.61473"," 93.11782","167.13898","152.29506","BraA03000424","AT5G09810","ACT7","actin 7","-","-"
"BraA03000350",-2.26604661576386,6.93417460565677,18.3877070863648,0.000269609573802382,0.0336797991400753,FALSE," 81.68064"," 42.55311","319.52012","252.86554"," 93.34530"," 47.16732","BraA03000350","AT5G08139","AT5G08139","RING/U-box superfamily protein","-","-"
"BraA03000042",-1.86626515861163,4.26997196189779,18.2056309087547,0.00028436860672564,0.0349684521082936,FALSE,"22.44133","16.94902","19.53426","11.16293","23.26687","14.80308","BraA03000042","AT5G01270","CPL2","carboxyl-terminal domain (ctd) phosphatase-like 2","-","YES"
"BraA03000127",-1.7253390001383,6.55072970372128,17.9763992420776,0.000304215593308575,0.0368334879898228,FALSE," 84.19753"," 57.02940"," 52.72083"," 32.31813","207.94312","151.16780","BraA03000127","AT5G03555","NCS1","permease, cytosine/purines, uracil, thiamine, allantoin family protein","-","-"
"BraA07001801",-2.52829770377962,3.48027336117821,17.948047812681,0.000306773392316275,0.0368596427103677,FALSE," 5.846906"," 4.872842","30.959096","20.275860"," 8.344425"," 2.694961","BraA07001801","AT2G27180","AT2G27180","hypothetical protein","-","-"
"BraA01000432",-3.98211015793517,2.97815458538736,17.9084206424731,0.000310387828117614,0.0370113970800852,FALSE,"13.6296876"," 7.0331878"," 3.0399529"," 0.6717093","11.3637517"," 6.0834096","BraA01000432","AT4G34200","EDA9","D-3-phosphoglycerate dehydrogenase","-","-"
"BraA03000202",-1.4765027518659,3.28840996578391,17.7858373465428,0.000321865901213563,0.0375271798896406,FALSE,"11.510204"," 9.678962","10.022383"," 5.353916","10.223247"," 8.133746","BraA03000202","AT5G05010","AT5G05010","clathrin adaptor complexes medium subunit family protein","-","-"
"BraA03000220",-1.85808134196133,4.91403364669707,17.7448880397319,0.000325802648795392,0.0377068653826432,FALSE,"32.28437","21.69182","29.61564","20.31386","44.92797","26.99797","BraA03000220","AT5G05200","AT5G05200","Protein kinase superfamily protein","-","-"
"BraA04000376",-2.01139028810958,5.73798425238742,17.6831476451114,0.000331837785016353,0.0381250126726817,FALSE," 55.88799"," 42.10523","101.31917"," 64.53405"," 36.30825"," 18.74796","BraA04000376","AT5G36000","AT5G36000","F-box protein RMF","-","-"
"BraA03000835",-2.64696948537909,5.69556455634211,17.4752327131916,0.00035307504472591,0.0394350308847214,FALSE,"118.664515"," 44.715454","  6.720343","  6.795891"," 41.757624"," 17.637289","BraA03000835","AT5G17230","PSY","PHYTOENE SYNTHASE","-","-"
"BraA03002374",-1.29642498790884,6.65357667383872,17.2986260160999,0.000372280722730579,0.0412654829280234,FALSE,"144.10826"," 95.74468"," 75.49877"," 54.74574","102.17498"," 86.35119","BraA03002374","AT2G43090","AT2G43090","Aconitase/3-isopropylmalate dehydratase protein","-","-"
"BraA03000161",-1.18362557889151,5.45839980635179,16.8943569471464,0.000420674705853674,0.0456849163236294,FALSE,"49.10159","39.94333","53.63832","32.80984","43.76422","38.66132","BraA03000161","AT5G04280","AtRZ-1c","RNA-binding (RRM/RBD/RNP motifs) family protein with retrovirus zinc finger-like domain-containing protein","-","-"
"BraA03000343",-2.63485627920371,3.50213263994441,16.8929199825554,0.00042085850488731,0.0456849163236294,FALSE,"11.749008"," 9.758339","11.323502"," 3.764197","13.473010"," 7.720582","BraA03000343","AT5G08040","TOM5","mitochondrial import receptor subunit TOM5-like protein","-","-"
"BraA06002517",-1.52142755810084,5.46325776273607,16.8679947905454,0.000424060607189856,0.0457172188847146,FALSE,"36.72693","21.59707","98.30018","81.18349","33.57509","24.08398","BraA06002517","AT3G48120","AT3G48120","serine/arginine-rich splicing factor","-","-"
"BraA05002923",-2.56557657395681,2.48499171056995,16.6099951649419,0.000458812252242635,0.0484924403636468,FALSE," 4.529440"," 2.328733","11.349169"," 8.312009"," 4.044358"," 1.802313","BraA05002923","AT3G53610","RAB8","RAB GTPase homolog 8","-","-"
"BraA06001623",-2.84560902646157,3.79484392732276,16.5304334778063,0.000470146551545236,0.0490073292802782,FALSE,"22.224970","13.452515"," 4.457863"," 1.420123","13.401173"," 9.390201","BraA06001623","AT1G14350","FLP","Duplicated homeodomain-like superfamily protein","YES","YES"
"BraA03000089",-2.48518830879927,4.46747126814721,16.4953595807115,0.000475239842802382,0.049212336353352,FALSE,"17.29282","12.21323","51.05792","21.90898","20.03745","11.90523","BraA03000089","AT5G03330","AT5G03330","Cysteine proteinases superfamily protein","-","-"
