"","logFC_WT","logCPM_WT","F_WT","PValue_WT","FDR_WT","Gene_ID","logFC_phyB","logCPM_phyB","F_phyB","PValue_phyB","FDR_phyB","WT.D_Avg_CPM","phyB.D_Avg_CPM","WT.R_Avg_CPM","phyB.R_Avg_CPM","A._thaliana_best_hit","Symbol","Description","TF","Leaf_development","group"
"BraA05003243",1.03229713630809,4.09348097208593,12.2554238862971,0.00190399644222292,0.00384413853265634,"BraA05003243",-1.46404225594768,4.09348097208593,17.4547944571149,0.000355241370164888,0.000944669566885511," 8.821109","11.862135","17.979438"," 4.309414","AT3G58970","MGT6","magnesium transporter 6","-","-","phyB_sig"
"BraA09005811",-0.933603176700312,7.08126114216642,9.34068378765284,0.00555724295616851,0.0100541384057577,"BraA09005811",-1.17045898615915,7.08126114216642,10.9009931763221,0.00308958280419745,0.00622902950404353,"254.89903","232.00365","133.45061","103.05624","AT2G22430","HB6","homeobox protein 6","YES","-","phyB_sig"
"BraA08000133",-3.57163289783117,2.50806407141066,9.25996860468718,0.00573396458640976,0.010347695779648,"BraA08000133",-6.41775886497734,2.50806407141066,15.0389958077734,0.000750569606516528,0.00180118396197136,"13.2732157","16.3587974"," 1.0948961"," 0.1826612","AT1G53990","GLIP3","GDSL-motif lipase 3","-","-","phyB_sig"
"BraA06004464",-0.705963190693724,5.43638478754993,9.21733977040538,0.00582978322613544,0.0105037532027669,"BraA06004464",-1.3534620336685,5.43638478754993,24.8373599051245,4.72864114011524e-05,0.000165544509665067,"53.77005","67.06786","32.96321","26.24127","AT2G02570","AT2G02570","nucleic acid binding/RNA binding protein","-","-","phyB_sig"
"BraA05000147",-3.10051269915732,2.21365270246755,9.19396744258619,0.00588306409348133,0.0105973253411989,"BraA05000147",-5.98937350347221,2.21365270246755,16.3108745176356,0.000503040188279083,0.00127583831187766,"17.79025618","12.44552594"," 2.05020594"," 0.19895505","AT2G47190","MYB2","myb domain protein 2","YES","-","phyB_sig"
"BraA01004289",-0.729102168742771,3.43370830375765,9.16667707970488,0.00594595506777744,0.0106983690862845,"BraA01004289",-1.16135895408963,3.43370830375765,17.3678034711544,0.000364625352993189,0.000966521228715527,"14.104202","17.391195"," 8.492162"," 7.782234","AT3G11400","EIF3G1","eukaryotic translation initiation factor 3G1","-","-","phyB_sig"
"BraA03002527",-0.491587513442334,4.5906796966969,9.13880944181226,0.00601093984368023,0.0107943175287538,"BraA03002527",-1.0908906477983,4.5906796966969,33.2876637810507,6.80761363987154e-06,3.19665389891342e-05,"32.96468","42.23531","23.49055","19.83122","AT2G46020","BRM","transcription regulatory protein SNF2","-","YES","phyB_sig"
"BraA06003482",-0.609546356555187,3.91486035847715,9.08574366390346,0.00613685401985113,0.0110038917848739,"BraA06003482",-1.83461123319144,3.91486035847715,58.7749610740198,8.27104715578583e-08,8.77857601025414e-07,"15.477676","23.205023","10.145470"," 6.495704","AT2G17440","PIRL5","plant intracellular ras group-related LRR 5","-","-","phyB_sig"
"BraA03004779",-1.71584932822142,3.55586238279349,9.06281592504584,0.00619215148488874,0.0110931555169757,"BraA03004779",-2.22262981072586,3.55586238279349,11.0282155826403,0.00294941115065228,0.00598243962774057,"20.907268","24.169607"," 6.357501"," 5.205553","AT3G49930","AT3G49930","C2H2 and C2HC zinc fingers superfamily protein","YES","-","phyB_sig"
"BraA06004956",-1.30965918368466,4.91224330560561,9.06213138367961,0.00619381087192451,0.0110948654972222,"BraA06004956",-1.56499418929914,4.91224330560561,9.66811423620359,0.0048992930749306,0.00938708131459619,"40.96142","52.26632","16.50598","17.75207","AT4G39400","BRI1","Leucine-rich receptor-like protein kinase family protein","-","YES","phyB_sig"
"BraA08002582",-1.06901898099385,7.41074445390292,9.02282826363114,0.00628990988066082,0.0112529190181406,"BraA08002582",-1.37287765598252,7.41074445390292,11.0230069027925,0.00295501117431484,0.00599148214397985,"212.07006","256.25216","101.05971"," 98.93128","AT1G12780","UGE1","UDP-D-glucose/UDP-D-galactose 4-epimerase 1","-","-","phyB_sig"
"BraA06004179",-0.864905528565551,2.99940393192751,9.01802079986346,0.00630177656829304,0.0112728677332575,"BraA06004179",-1.08152212398054,2.99940393192751,10.6103882822728,0.00343795210799533,0.00685152775131002," 9.331825","11.160592"," 5.144877"," 5.276959","AT3G28370","AT3G28370","spindle assembly checkpoint component","-","-","phyB_sig"
"BraA01004812",-1.26210487794468,4.06298521605922,8.96042831492691,0.00644586740079482,0.0115044736238247,"BraA01004812",-1.69893061282636,4.06298521605922,12.0274922609625,0.00206242379924927,0.00436676763521435,"23.97942","32.37695","10.02184","10.02202","AT3G01690","AT3G01690","alpha/beta-Hydrolases superfamily protein","-","-","phyB_sig"
"BraA01001879",-0.742894553032802,3.29972364630778,8.94719539946328,0.00647948430239212,0.0115579196418463,"BraA01001879",-1.40814090016694,3.29972364630778,23.7143320853594,6.2841118106374e-05,0.000212302897401658,"13.306078","17.691317"," 7.948276"," 6.657014","AT4G27100","AT4G27100","Ypt/Rab-GAP domain of gyp1p superfamily protein","-","-","phyB_sig"
"BraA09005287",-1.58253682300989,8.76546130393903,8.92038854323942,0.00654817690670529,0.0116685502673544,"BraA09005287",-2.28128693300347,8.76546130393903,13.2736897390394,0.0013418208193201,0.00299748221630689,"820.6497","984.4483","274.0273","202.5711","AT3G59940","AT3G59940","Galactose oxidase/kelch repeat superfamily protein","-","YES","phyB_sig"
"BraA04000208",-3.55203941339001,5.34997323140791,9.03982854871588,0.00666550323168109,0.011857484275165,"BraA04000208",-6.20281888884993,5.34997323140791,10.125072398708,0.00444499028236369,0.00859616009883334,"250.89139395"," 13.93356399"," 21.31468910","  0.17024416","AT3G60140","DIN2","Glycosyl hydrolase superfamily protein","-","-","phyB_sig"
"BraA09006956",-1.77991992033343,5.29097935985783,8.85378230211912,0.00672234837838112,0.0119464563030054,"BraA09006956",-2.9146542669025,5.29097935985783,16.1196941807509,0.000533732810227326,0.00134221991260235,"88.583165","73.987384","25.817239"," 9.735365","AT1G02660","AT1G02660","alpha/beta-Hydrolases superfamily protein","-","-","phyB_sig"
"BraA01001485",-0.864486577239795,3.28729811104426,8.83557007084905,0.00677085496601204,0.0120177331038599,"BraA01001485",-1.55948045060653,3.28729811104426,21.0916260875215,0.000125724145820425,0.000382174209195344,"13.816407","18.308542"," 7.595423"," 6.201390","AT4G23330","AT4G23330","hypothetical protein","-","-","phyB_sig"
"BraA10001367",-1.03944189709122,2.33771950508283,8.82378242632338,0.0068024554376988,0.0120710990517902,"BraA10001367",-1.60302870220892,2.33771950508283,15.003027270162,0.000759275346315172,0.00181902495449023,"8.639959","7.447450","4.197446","2.445756","AT5G58375","AT5G58375","Methyltransferase-related protein","-","-","phyB_sig"
"BraA06001862",-0.990899585040007,3.6671526871298,8.79005855938252,0.00689376238924503,0.0122138473668074,"BraA06001862",-1.69025460648841,3.6671526871298,18.589648821958,0.000254210053705769,0.000707062421864075,"23.979693","28.949552","12.053613"," 8.957978","AT1G16860","AT1G16860","Ubiquitin-specific protease family C19-related protein","-","-","phyB_sig"
"BraA02003617",-0.90381565851852,3.63766309596279,8.7876687677437,0.00690028369018061,0.0122226497055416,"BraA02003617",-1.3641700789885,3.63766309596279,14.5072220709961,0.000891213478518221,0.00209618950267137,"23.324243","19.531731","12.491287"," 7.574591","AT3G26100","AT3G26100","Regulator of chromosome condensation (RCC1) family protein","-","-","phyB_sig"
"BraA04000598",-1.31602905791817,3.79271206970147,8.75757539227274,0.00698298638847703,0.0123524618739749,"BraA04000598",-1.73133399439996,3.79271206970147,10.8768633390301,0.00311698356149317,0.00627382624781362,"36.929943","25.635178","14.839983"," 7.712384","AT3G54000","AT3G54000","TIP41-like protein","-","-","phyB_sig"
"BraA03005179",-1.18349727818732,2.85578440517734,8.73600997954657,0.00704292316749976,0.0124514894593335,"BraA03005179",-2.01480275495892,2.85578440517734,18.3769849533969,0.000270455167236908,0.000746442983045579,"12.164890","18.253478"," 5.361227"," 4.486214","AT4G18890","BEH3","BES1/BZR1 homolog 3","YES","-","phyB_sig"
"BraA03000209",-1.92404467096778,3.16173713172654,8.69059921307303,0.0071709928814363,0.012658004704924,"BraA03000209",-3.61737391392473,3.16173713172654,18.3497391504543,0.000272616922257071,0.00075092117921948,"33.3027523","17.5967439"," 8.7644150"," 1.4387117","AT5G05110","AT5G05110","Cystatin/monellin family protein","-","-","phyB_sig"
"BraA09003227",-0.667475098394605,5.3048414319068,8.66635516654728,0.007240414767992,0.0127705208928949,"BraA09003227",-1.42453893162561,5.3048414319068,28.893497768231,1.78980478057892e-05,7.23645703732653e-05,"45.55538","64.18930","28.66331","23.90841","AT1G34750","AT1G34750","Protein phosphatase 2C family protein","-","-","phyB_sig"
"BraA01001404",-0.619924033775092,3.64392474753682,8.66322081520674,0.00724944371873922,0.0127835810142231,"BraA01001404",-1.01180975263728,3.64392474753682,17.0591667839133,0.000400163832219169,0.00104644936353709,"16.95165","16.09789","10.99321"," 7.96621","AT4G12590","AT4G12590","ER membrane protein complex subunit-like protein (Protein of unknown function DUF106, transmembrane)","-","-","phyB_sig"
"BraA06001728",-0.808468293179555,3.85973195795458,8.62762718733682,0.00735285019816355,0.0129483373689622,"BraA06001728",-1.04804618091057,3.85973195795458,10.8518328672842,0.00314568871643251,0.00632755787816585,"20.26933","22.12037","11.57209","10.69234","AT1G15400","AT1G15400","hypothetical protein","-","-","phyB_sig"
"BraA10002246",-1.49080328935819,4.33924535757209,8.6220054018351,0.00736933052916817,0.0129746378667905,"BraA10002246",-2.01303972105029,4.33924535757209,11.2499930537703,0.00272142621262121,0.00556488266645749,"39.058356","29.852425","13.860574"," 7.389327","AT5G14210","AT5G14210","Leucine-rich repeat protein kinase family protein","-","-","phyB_sig"
"BraA05003616",-0.820447044412914,2.67565181996301,8.61881371018737,0.00737870509980883,0.0129867850017881,"BraA05003616",-1.17455332440718,2.67565181996301,13.2224327862775,0.00136529620963966,0.0030412910189256," 8.521876","10.213093"," 4.820711"," 4.523483","AT4G36840","AT4G36840","Galactose oxidase/kelch repeat superfamily protein","-","-","phyB_sig"
"BraA08003092",-0.630178288636568,5.15179143522491,8.61583493638054,0.00738746613428022,0.012999297591232,"BraA08003092",-1.1644817505122,5.15179143522491,21.7014242771614,0.000106590676776974,0.000331962258106365,"49.21189","56.37601","31.80474","25.11943","AT1G22280","PAPP2C","phytochrome-associated protein phosphatase type 2C","-","-","phyB_sig"
"BraA10003155",-2.07099811943466,6.79881562720379,8.61364785922996,0.00739390595508363,0.0130091750204579,"BraA10003155",-2.87681144447189,6.79881562720379,11.7080296178781,0.00230926498988412,0.00481683420895521,"277.53982","310.12502"," 66.04029"," 42.10123","AT5G02020","SIS","E3 ubiquitin-protein ligase RLIM-like protein","-","-","phyB_sig"
"BraA09006704",-0.826450702096439,2.84341411007916,8.56651796836823,0.00753419143035715,0.01322938120413,"BraA09006704",-1.5921084809246,2.84341411007916,23.5515118203684,6.55256289061534e-05,0.000219862161369187," 9.313928","15.499696"," 5.258648"," 5.149893","AT1G07310","AT1G07310","Calcium-dependent lipid-binding (CaLB domain) family protein","-","-","phyB_sig"
"BraA10001625",-1.7233687897205,3.50867834738956,8.56565442339273,0.00753678901389406,0.0132324661549016,"BraA10001625",-3.61429407834464,3.50867834738956,23.0235962688694,7.51247022458334e-05,0.00024639775231286,"36.470072","29.535410","11.027825"," 2.428928","AT5G22500","FAR1","fatty acid reductase 1","-","-","phyB_sig"
"BraA06004093",-2.514384778114,2.57510820130564,8.56532219209861,0.00753778864368243,0.0132327451763954,"BraA06004093",-4.58258242857136,2.57510820130564,15.9965776859186,0.00055457661657011,0.00138842626766559,"21.9352531","14.6558600"," 3.8138785"," 0.6093761","AT3G29670","PMAT2","HXXXD-type acyl-transferase family protein","-","-","phyB_sig"
"BraA09000652",-0.728732039945569,4.35546276460958,8.53866273450929,0.00761848033495728,0.0133630162541141,"BraA09000652",-1.2515938767586,4.35546276460958,18.6548066537074,0.000249447972104351,0.000696524938960881,"30.22168","39.47424","18.27218","16.57599","AT5G24590","TIP","TCV-interacting protein","YES","-","phyB_sig"
"BraA01003088",-0.656519439190619,3.349093073493,8.44314043725583,0.00791550645837311,0.0138356548200769,"BraA01003088",-1.03401135435322,3.349093073493,15.4917029627602,0.000649835191436569,0.00158912644139171,"13.077654","12.814267"," 8.284452"," 6.264703","AT2G35630","MOR1","ARM repeat superfamily protein","-","-","phyB_sig"
"BraA01001543",-1.75699308257548,3.18138381973041,8.42287286481137,0.0079801544808369,0.013939366499653,"BraA01001543",-2.23056118806852,3.18138381973041,9.64368873909441,0.00494529871057163,0.00946255795093575,"26.340479","18.626282"," 7.757927"," 3.952380","AT4G23870","AT4G23870","hypothetical protein","-","-","phyB_sig"
"BraA02003832",-3.53871242838655,2.18397361228739,8.40392200553757,0.00804112883274781,0.0140380842754493,"BraA02003832",-5.7707381290436,2.18397361228739,14.3810235626065,0.000928661809857523,0.00217258277157512," 6.3063645","21.4268329"," 0.5479329"," 0.4107207","AT2G12880","AT2G12880","Zinc knuckle (CCHC-type) family protein","-","-","phyB_sig"
"BraA03002310",-1.4218742182803,3.99652923326216,8.35214957389252,0.00821033782632815,0.0143053308195367,"BraA03002310",-1.9624417233844,3.99652923326216,11.4720611402212,0.00251234004276746,0.00518645946977893,"25.225082","24.158201"," 9.441311"," 6.115950","AT2G41420","WIH2","proline-rich family protein","-","-","phyB_sig"
"BraA03000124",-0.967031704679252,4.82172797826508,8.30595310194829,0.00836463753783208,0.0145544323287063,"BraA03000124",-1.21539456973514,4.82172797826508,9.71570797574864,0.00481099383833701,0.00924265141162267,"49.43703","44.96648","25.26015","19.37042","AT5G03520","RAB8C","RAB GTPase homolog 8C","-","-","phyB_sig"
"BraA10001140",-0.788741652189726,2.68348183117112,8.27696608667278,0.00846308576974376,0.014704599847198,"BraA10001140",-1.13879216955821,2.68348183117112,12.857916503546,0.00154577951957678,0.00339007518993153,"8.015961","8.998690","4.642724","4.096627","AT5G55910","D6PK","D6 protein kinase","-","-","phyB_sig"
"BraA09000908",-0.586146814774343,3.24617036929245,8.25340456585581,0.00854404814249745,0.0148321735704103,"BraA09000908",-1.10398961771948,3.24617036929245,21.7787835069069,0.000104399459001874,0.000326429774471492,"12.777796","16.280533"," 8.536980"," 7.568999","AT5G65000","AT5G65000","Nucleotide-sugar transporter family protein","-","-","phyB_sig"
"BraA07003379",-0.67365962691428,2.74145684514568,8.17126358303686,0.00883304543621655,0.0152916998642816,"BraA07003379",-1.32594980538495,2.74145684514568,23.36470668927,6.87603293010911e-05,0.000229152568960232," 9.623694","12.881175"," 6.043561"," 5.144453","AT5G42140","AT5G42140","Regulator of chromosome condensation (RCC1) family with FYVE zinc finger domain-containing protein","-","-","phyB_sig"
"BraA05000675",-1.05575907063291,4.66693092459867,8.14273020401983,0.00893594174545748,0.015440962023658,"BraA05000675",-1.34651328844619,4.66693092459867,9.69673454872467,0.00484598347256846,0.0092962559242203,"37.77714","30.59169","18.17647","12.01297","AT2G45510","CYP704A2","cytochrome P450, family 704, subfamily A, polypeptide 2","-","-","phyB_sig"
"BraA05000252",-1.26993068454895,2.57577406651302,8.07460637439717,0.00918699099161692,0.0158521418776639,"BraA05000252",-2.10704594495672,2.57577406651302,15.8566798659244,0.000579345609898752,0.00144240745014337,"8.867614","9.925987","3.649937","2.284240","AT2G40435","AT2G40435","transcription factor SCREAM-like protein","-","-","phyB_sig"
"BraA03006500",-0.748878578534063,4.45053176092844,8.05876472316788,0.00924647813843959,0.0159442995069061,"BraA03006500",-1.28336259977476,4.45053176092844,17.4412074222124,0.000356689527270347,0.000948040047152188,"33.13341","39.13211","19.73032","16.09075","AT4G37470","KAI2","alpha/beta-Hydrolases superfamily protein","-","YES","phyB_sig"
"BraA03002786",-0.880564069426452,2.64206778146245,8.0577550587635,0.00925028390658046,0.0159491147649881,"BraA03002786",-1.40593275357121,2.64206778146245,15.3757313997279,0.000674152424152902,0.00163878905886744,"6.818885","9.551177","3.725551","3.584754","AT5G50375","CPI1","cyclopropyl isomerase","-","YES","phyB_sig"
"BraA01002170",-1.18372091897118,3.13327243137169,8.00327247829686,0.00945823045029545,0.0162684457750683,"BraA01002170",-1.97345730189035,3.13327243137169,15.7170813114737,0.000605269695790455,0.00149700581579852,"21.597253","19.977846"," 9.463248"," 5.087367","AT4G16670","AT4G16670","auxin canalization protein (DUF828)","-","-","phyB_sig"
"BraA06004900",-1.09176097498936,3.69243352488432,7.99720043798415,0.00948172329127384,0.01629816802497,"BraA06004900",-2.51162780004299,3.69243352488432,28.6755973700403,1.88182252731644e-05,7.56381169049049e-05,"22.958618","28.312768","10.788800"," 4.958738","AT1G56130","AT1G56130","Leucine-rich repeat transmembrane protein kinase","-","-","phyB_sig"
"BraA05002562",-0.793227575965917,5.26017617854772,7.96210616019572,0.00961877052116091,0.0165139013964957,"BraA05002562",-2.4573863392661,5.26017617854772,52.0504301362355,2.27049542986051e-07,1.96144885104306e-06,"41.48390","66.60464","23.99919","12.13028","AT3G22200","POP2","Pyridoxal phosphate (PLP)-dependent transferases superfamily protein","-","YES","phyB_sig"
"BraA02004156",-4.09203333867192,1.04752382188954,9.67425296834724,0.00969477775681747,0.0166244473136842,"BraA02004156",-8.78694199910576,1.04752382188954,13.3741452049873,0.00365067053061052,0.00723332756190956,"8.4347626","5.3600889","0.4738762","0.0000000","AT2G30770","CYP71A13","cytochrome P450 family 71 polypeptide","-","-","phyB_sig"
"BraSca001113",-0.761408984451941,3.19937296852901,7.9327662523254,0.00973502340967277,0.0166825550863636,"BraSca001113",-1.61590587429095,3.19937296852901,25.8701372168205,3.66294002531806e-05,0.000132967426195817,"14.095672","17.733761"," 8.323510"," 5.777812","AT2G22480","PFK5","phosphofructokinase 5","-","-","phyB_sig"
"BraA07002084",-0.813928083723905,6.05586000009738,7.92644709283352,0.00976026393662843,0.0167203476667971,"BraA07002084",-1.09160794809401,6.05586000009738,10.5671490434924,0.00349337025066905,0.00694965214175062,"87.20440","78.10156","49.61442","36.60222","AT3G57530","CPK32","calcium-dependent protein kinase 32","-","YES","phyB_sig"
"BraA10002618",-0.775401518476966,2.82520629926303,7.91769468888315,0.0097953428121205,0.0167731392365945,"BraA10002618",-1.23548382514694,2.82520629926303,15.023897057718,0.000754210730149266,0.00180909431462198," 8.834021","11.654344"," 5.186396"," 4.954861","AT5G05700","ATE1","arginine-tRNA protein transferase 1","-","YES","phyB_sig"
"BraA08003354",-0.726422650939865,2.6705867063674,7.85537522358207,0.0100491705410351,0.0171573863017565,"BraA08003354",-1.33225921702906,2.6705867063674,19.6914646610837,0.000185420071713118,0.000537182390716818," 7.596498","10.368311"," 4.589607"," 4.114776","AT1G17210","ILP1","IAP-like protein 1","-","-","phyB_sig"
"BraA09005690",-0.799947931938352,4.71700658272476,7.85322944571672,0.0100580385585522,0.0171706645240359,"BraA09005690",-1.26797141863607,4.71700658272476,14.5708330289328,0.000872965231163933,0.0020575730366158,"39.25715","45.91187","22.56081","19.06882","AT4G31170","AT4G31170","Protein kinase superfamily protein","-","-","phyB_sig"
"BraA05003640",-0.712109488048,5.0351107057988,7.73426394698836,0.0105634691701496,0.0179503102295322,"BraA05003640",-1.39027391122485,5.0351107057988,21.5120162701236,0.000112170072784209,0.000347072330572724,"50.74778","58.37003","31.02094","22.26387","AT3G14830","AT3G14830","epstein-barr nuclear antigen","-","-","phyB_sig"
"BraA02003937",-1.29104057663465,2.18546075275848,7.69425725641988,0.0107396850731426,0.0182138393547316,"BraA02003937",-1.84186031804975,2.18546075275848,11.5030814659359,0.00248456086906238,0.00513417199409766,"7.973787","9.659303","3.254662","2.680623","AT5G49170","AT5G49170","hypothetical protein","-","-","phyB_sig"
"BraA02004075",-1.38154053069378,4.96242088999695,7.68938811384517,0.0107613525040309,0.0182466539279808,"BraA02004075",-2.96883922309933,4.96242088999695,23.6882088161575,6.32636403802291e-05,0.000213501222037909,"49.001053","66.747335","18.777783"," 8.486075","AT5G26570","PWD","chloroplastidic  phosphoglucan, water dikinase (ATGWD3)","-","YES","phyB_sig"
"BraA04002276",-0.90676754853417,3.57474035359254,7.66155178942732,0.0108861527038621,0.0184383991777456,"BraA04002276",-1.22308224434411,3.57474035359254,10.3155283653272,0.00383594352607414,0.00754156271551423,"21.732470","21.652633","11.591564"," 9.252281","AT2G31130","AT2G31130","hypothetical protein","-","-","phyB_sig"
"BraA06004034",-0.628106907143482,3.6974916544355,7.60685889150651,0.0111360398127169,0.0188292261953125,"BraA06004034",-1.10749973525778,3.6974916544355,17.4170398505937,0.000359281330893446,0.000954123190191131,"18.278947","19.352039","11.853980"," 8.981350","AT5G48230","ACAT2","acetoacetyl-CoA thiolase 2","-","YES","phyB_sig"
"BraA09006500",-2.82527553994224,4.9014995669618,7.73094467771161,0.0111380273643446,0.0188305639865504,"BraA09006500",-8.56909441731784,4.9014995669618,24.5693922977632,6.44519700090153e-05,0.000216916340802424,"126.87800969"," 83.24062668"," 17.83747737","  0.20366566","AT1G11190","BFN1","bifunctional nuclease i","-","YES","phyB_sig"
"BraA05003368",-0.553563953812663,6.06513985866121,7.59933790787791,0.011170894996232,0.0188800480232676,"BraA05003368",-1.67110628787389,6.06513985866121,49.5685721094193,3.37437127634692e-07,2.7070644184353e-06," 75.74464","101.75444"," 51.64405"," 31.95070","AT3G17940","AT3G17940","Galactose mutarotase-like superfamily protein","-","-","phyB_sig"
"BraA09000808",-0.814801429126891,3.68122456306862,7.58794707893091,0.0112239141047843,0.0189615120757008,"BraA09000808",-1.34660988713002,3.68122456306862,15.4836715004042,0.000651488023333631,0.00159180712314054,"15.048683","20.319433"," 8.539317"," 7.971372","AT5G62940","HCA2","Dof-type zinc finger DNA-binding family protein","YES","-","phyB_sig"
"BraA03002174",-1.03772256644835,3.96406350594539,7.50533114093094,0.0116168726920364,0.0195581961891809,"BraA03002174",-1.61410543627156,3.96406350594539,13.0928634058948,0.00142666459477015,0.00316176025318039,"35.923203","31.500879","17.514833","10.265007","AT2G39050","EULS3","hydroxyproline-rich glycoprotein family protein","-","-","phyB_sig"
"BraA08001290",-0.495181628523888,3.89229071357668,7.46884257029493,0.0117952450810155,0.0198388108975186,"BraA08001290",-1.12610199860656,3.89229071357668,28.412607609907,1.99979454260256e-05,7.96880154444664e-05,"19.304754","21.491883","13.700834"," 9.826326","AT4G16800","AT4G16800","ATP-dependent caseinolytic (Clp) protease/crotonase family protein","-","-","phyB_sig"
"BraA06003224",-0.619441857694438,6.09280241459881,7.45601880627314,0.0118586499469469,0.0199375293916839,"BraA06003224",-1.60628051227178,6.09280241459881,36.0650771185405,3.84463553795236e-06,1.98473477754576e-05,"72.71406","92.39179","47.37878","30.33748","AT5G64500","AT5G64500","Major facilitator superfamily protein","-","-","phyB_sig"
"BraA03004570",-0.521708319073671,7.17916478236433,7.41976876641453,0.0120399272900182,0.0202057367873539,"BraA03004570",-1.00536461439176,7.17916478236433,20.373826390068,0.000153176250967574,0.000454732966848286,"162.35277","178.73564","113.10670"," 89.03683","AT2G16390","DRD1","SNF2 domain-containing protein / helicase domain-containing protein","-","-","phyB_sig"
"BraA05002334",-0.751882622182138,4.99125968561665,7.40554271252263,0.0121119027539326,0.0203134096267341,"BraA05002334",-1.19418398567718,4.99125968561665,13.8061173718981,0.00112243714459767,0.00256939509249088,"45.34966","50.03964","26.92504","21.90163","AT2G16950","TRN1","transportin 1","-","-","phyB_sig"
"BraA02000709",-0.84344161073335,3.86845441946701,7.40381467942958,0.0121206779108013,0.0203252703676849,"BraA02000709",-1.29790447419899,3.86845441946701,13.0251490534805,0.00145993104056388,0.00322290527047341,"21.388695","26.777620","11.921399","10.893749","AT5G16470","AT5G16470","zinc finger (C2H2 type) family protein","-","-","phyB_sig"
"BraA02003502",-0.555486275029142,3.46576382857643,7.35124187245056,0.0123910355121442,0.0207241418511475,"BraA02003502",-1.37779777701702,3.46576382857643,33.2851592230874,6.81121115578675e-06,3.19738931082861e-05,"13.060906","18.602359"," 8.909321"," 7.140610","AT2G02760","UBC2","ubiquiting-conjugating enzyme 2","-","-","phyB_sig"
"BraA03003982",-0.785074809570731,4.62333366620145,7.3109902745438,0.012602535504545,0.0210220335779502,"BraA03003982",-1.72020726103875,4.62333366620145,25.3184663916393,4.19527822657631e-05,0.000149363671762748,"37.54670","51.50285","21.73870","15.64661","AT4G14540","NF-YB3","nuclear factor Y, subunit B3","YES","-","phyB_sig"
"BraA03001372",-1.72640876742137,2.78765833902275,7.30294411684401,0.0126452902835678,0.0210844140956947,"BraA03001372",-2.45862127565838,2.78765833902275,10.6737267984764,0.00335850562381206,0.00670933856057898,"13.854192","19.373781"," 4.187171"," 3.501166","AT5G55970","AT5G55970","RING/U-box superfamily protein","-","-","phyB_sig"
"BraA05000825",-1.30419379697453,2.92615025455193,7.22530702959242,0.013066166896633,0.0217079868010348,"BraA05000825",-2.06662381030803,2.92615025455193,13.2469966223415,0.00135399057264703,0.00302123782442079,"11.583800","18.577124"," 4.694373"," 4.431712","AT2G39220","PLP6","PATATIN-like protein 6","-","-","phyB_sig"
"BraA06003207",-0.781738551563389,4.87130627009644,7.18712356993233,0.0132788242343592,0.0220264193749408,"BraA06003207",-1.05104337090401,4.87130627009644,9.68905438695886,0.0048602261164538,0.00931785749400905,"43.44073","47.77161","25.23851","23.11365","AT5G64330","NPH3","Phototropic-responsive NPH3 family protein","-","-","phyB_sig"
"BraA10001767",-0.67205763845268,3.33810297772602,7.10983276595602,0.0137210967350583,0.0226859309464094,"BraA10001767",-1.14874260498849,3.33810297772602,15.3376594609847,0.000682350604445752,0.00165616014093695,"15.001429","16.148096"," 9.417880"," 7.275707","AT5G20320","DCL4","dicer-like 4","-","YES","phyB_sig"
"BraA08002493",-0.981405981593091,4.15608224354328,7.01797609973898,0.0142680327981156,0.0234939675951815,"BraA08002493",-2.25277034716888,4.15608224354328,25.7384174003386,3.78300140997288e-05,0.000136758020654509,"21.968793","31.308708","11.167964"," 6.545502","AT4G39090","RD19","Papain family cysteine protease","-","YES","phyB_sig"
"BraA06003306",-1.47809600935583,2.44471378874188,7.01048678335156,0.0143136782535497,0.0235608980294885,"BraA06003306",-2.01564589777957,2.44471378874188,9.49370297788154,0.00523841186590172,0.00995436602153283,"12.699551","15.868327"," 4.564777"," 3.943611","AT5G65280","GCL1","GCR2-like 1","-","-","phyB_sig"
"BraA06002920",-0.812358263063602,2.56812645601506,6.98664211905767,0.0144600848464428,0.0237604901850934,"BraA06002920",-1.5055431198402,2.56812645601506,17.7589277918267,0.000324447025538594,0.000874900836384697," 7.973475","11.599403"," 4.541830"," 4.086665","AT3G49645","AT3G49645","FAD-binding protein","-","-","phyB_sig"
"BraA06001525",-2.13476336770011,6.61362177655154,6.97484761134739,0.0145331152033425,0.0238730153726373,"BraA06001525",-3.33135949879333,6.61362177655154,11.511755911536,0.00247685307372324,0.0051189164102421,"223.23422","240.95303"," 50.79026"," 23.91108","AT1G62480","AT1G62480","Vacuolar calcium-binding protein-like protein","-","-","phyB_sig"
"BraA03002161",-1.3459515894102,4.77585074793457,6.92045835094259,0.0148752108728437,0.024386607555313,"BraA03002161",-2.91334483920151,4.77585074793457,21.7844367662723,0.000104241263432578,0.000325999897959223,"51.62245","80.38045","20.34768","10.61003","AT3G54620","BZIP25","basic leucine zipper 25","YES","-","phyB_sig"
"BraA02003754",-0.998953754446997,3.39973362906027,6.87550596615189,0.0151646839576528,0.0248378902698705,"BraA02003754",-1.41647656021938,3.39973362906027,10.1772158718774,0.00403982182474073,0.00789701881786129,"20.240268","21.913843","10.143282"," 8.183645","AT3G28100","UMAMIT45","nodulin MtN21 /EamA-like transporter family protein","-","-","phyB_sig"
"BraA02003985",-0.843307421067668,5.11884833655197,6.85846173749073,0.015276067039442,0.0249969118620248,"BraA02003985",-1.51272995709663,5.11884833655197,16.1574802962514,0.000527508174582208,0.00132847658686783,"37.43278","49.66269","20.93871","17.37354","AT5G28770","BZO2H3","bZIP transcription factor family protein","YES","-","phyB_sig"
"BraA05001166",-0.44395632757888,4.55804388241125,6.83457527211411,0.0154336909286556,0.0252233719465308,"BraA05001166",-1.15890546977829,4.55804388241125,34.3085098666768,5.49978191197537e-06,2.67842101777514e-05,"27.00314","34.92276","19.85763","15.65542","AT1G36310","AT1G36310","S-adenosyl-L-methionine-dependent methyltransferases superfamily protein","-","-","phyB_sig"
"BraA07002808",-0.56014815603903,4.08510268148165,6.82681994702634,0.0154852539737831,0.0252971351891381,"BraA07002808",-1.04308345245997,4.08510268148165,17.5126159143699,0.000349149835951143,0.000931776605268057,"23.11845","25.59792","15.69333","12.41332","AT1G71190","SAG18","senescence associated gene 18","-","YES","phyB_sig"
"BraA04001768",-0.845222042654907,7.57219245028231,6.79582360446662,0.0156932534839905,0.0256076933275981,"BraA04001768",-1.48376904245389,7.57219245028231,15.2747742278337,0.000696131244900517,0.00168441288158865,"230.94981","262.53237","128.56224"," 93.86839","AT2G24200","LAP1","Cytosol aminopeptidase family protein","-","-","phyB_sig"
"BraA03002530",-0.711838663557851,3.283232422423,6.74208936276606,0.0160612059549602,0.0261376531980018,"BraA03002530",-1.17572873215697,3.283232422423,13.5260656889691,0.0012324894631944,0.00278207143993688,"15.463472","16.217939"," 9.473174"," 7.170396","AT2G46030","UBC6","ubiquitin-conjugating enzyme 6","-","-","phyB_sig"
"BraA04000489",-0.634643951342888,5.74718611824328,6.73711719478985,0.0160957336582071,0.0261884275150073,"BraA04000489",-1.95551895050575,5.74718611824328,44.8584352461902,7.44675223211893e-07,5.07630489967743e-06,"52.66597","66.40392","33.96953","17.10889","AT3G55320","ABCB20","P-glycoprotein 20","-","-","phyB_sig"
"BraA03006265",-1.36683760548995,2.5823021171697,6.7216711563631,0.0162035195143483,0.0263447368201469,"BraA03006265",-2.66777658509602,2.5823021171697,18.5922771252233,0.000254016057117704,0.000706772624895292," 7.550831","25.204881"," 2.930153"," 3.974189","AT4G34030","MCCB","3-methylcrotonyl-CoA carboxylase","-","-","phyB_sig"
"BraA02000504",-0.811646238540378,5.13504520324003,6.70762986417347,0.0163021969212311,0.0264860218352784,"BraA02000504",-1.39815920741335,5.13504520324003,14.6227434665065,0.000858375764599099,0.00202774043745908,"53.44166","71.17085","30.51660","26.99644","AT5G13180","NAC083","NAC domain containing protein 83","YES","YES","phyB_sig"
"BraA03004799",-0.674162323039986,5.22842474138793,6.68062489257833,0.016493855738518,0.0267634270218912,"BraA03004799",-1.70778329613028,5.22842474138793,30.7122283383441,1.18772601955619e-05,5.12046221523266e-05,"35.59653","45.85561","22.33439","14.00855","AT3G50500","SNRK2.2","SNF1-related protein kinase 2.2","-","YES","phyB_sig"
"BraA07004067",-0.55842391771888,3.8220849845821,6.67651649656806,0.0165232319164752,0.0267953503364228,"BraA07004067",-1.19092483681582,3.8220849845821,22.5800458578257,8.43779026751868e-05,0.000271596766484139,"18.42428","24.94760","12.47305","10.91646","AT1G78880","AT1G78880","Ubiquitin-specific protease family C19-related protein","-","-","phyB_sig"
"BraA01000286",-0.576556483715622,4.5591313814783,6.66336623602312,0.0166176504150601,0.0269345914460968,"BraA01000286",-1.24113669452622,4.5591313814783,22.5993835818676,8.39495805061103e-05,0.000270550040369815,"35.23587","39.37329","23.68544","16.61203","AT4G35860","GB2","GTP-binding 2","-","-","phyB_sig"
"BraA01000616",-0.8974633534098,6.71608880767761,6.662858085154,0.0166213109024135,0.026937750577017,"BraA01000616",-2.9105433832843,6.71608880767761,46.0692225973678,6.04388861638197e-07,4.28324209013292e-06,"129.70788","194.34239"," 69.63124"," 25.88334","AT4G32340","AT4G32340","Tetratricopeptide repeat (TPR)-like superfamily protein","-","YES","phyB_sig"
"BraA09000306",-0.951992340707415,8.76640502869946,6.62615689911122,0.016888067598536,0.0273194433711159,"BraA09000306",-2.60400318077123,8.76640502869946,33.6144092801023,6.35553305720867e-06,3.02406560823653e-05," 638.7389","1161.0791"," 330.1954"," 191.0036","AT3G26740","CCL","CCR-like protein","-","-","phyB_sig"
"BraA08002548",-0.605812732458211,5.21606227835932,6.60409040196568,0.0170507365333788,0.0275655909033876,"BraA08002548",-1.07228221009592,5.21606227835932,15.3243166945678,0.000685249453403731,0.00166191469900997,"47.96252","56.12110","31.52744","26.66555","AT1G13000","AT1G13000","transmembrane protein, putative (DUF707)","-","-","phyB_sig"
"BraSca000198",-0.470649021759461,3.17126754270283,6.59383408824308,0.0171269342207131,0.0276717249675655,"BraSca000198",-1.18180016841995,3.17126754270283,30.8299206996591,1.15720278527799e-05,5.01083131781994e-05,"11.165206","14.896073"," 8.052716"," 6.559887","AT5G51180","AT5G51180","alpha/beta-Hydrolases superfamily protein","-","-","phyB_sig"
"BraA04000627",-1.24027876507704,1.86236014545537,6.57795585949734,0.0172456446977203,0.027840661286371,"BraA04000627",-1.76373021037378,1.86236014545537,9.57054860693522,0.00508591978901886,0.00969626665202966,"7.017918","6.896321","2.989842","2.030278","AT3G53620","PPa4","pyrophosphorylase 4","-","-","phyB_sig"
"BraA06004883",-0.590507341120898,5.90139960549809,6.5749392046052,0.0172683010822996,0.0278686618512658,"BraA06004883",-1.16422898338158,5.90139960549809,18.7512307546971,0.000242578253690066,0.000680481502955202,"71.80329","72.82651","47.74220","32.49589","AT5G43600","UAH","ureidoglycolate amidohydrolase","-","-","phyB_sig"
"BraA06003499",-0.601847200824276,2.49887914912424,6.56166901522281,0.0173683585723611,0.0280129074627486,"BraA06003499",-1.00556890114451,2.49887914912424,13.6989791647706,0.00116321704134145,0.00264390414883964,"7.706793","9.382071","5.088723","4.676946","AT2G17200","DSK2","ubiquitin family protein","-","-","phyB_sig"
"BraA01004813",-1.09197350975369,3.08599543489119,6.45901247365566,0.0181644758674143,0.0291624694158611,"BraA01004813",-1.65906516832641,3.08599543489119,10.9922212530761,0.00298834868053188,0.00604972453139186,"12.800472","16.755953"," 5.999651"," 5.313434","AT3G22860","TIF3C2","eukaryotic translation initiation factor 3 subunit C2","-","-","phyB_sig"
"BraA04001800",-0.588464664856797,3.47255667673298,6.45200404613434,0.0182202853259382,0.0292341784944207,"BraA04001800",-1.08247063833732,3.47255667673298,16.2091723053344,0.000519120703394105,0.00131007854279673,"16.098308","19.132429","10.697782"," 9.064851","AT2G24420","AT2G24420","DNA repair ATPase-like protein","-","-","phyB_sig"
"BraA05004021",-0.567041077250852,4.49404851969813,6.4388729826441,0.0183253633136108,0.0293758242750009,"BraA05004021",-1.10163328111342,4.49404851969813,18.110955519794,0.00029238914446839,0.000797747466446952,"27.41571","38.45489","18.48381","17.90632","AT3G10680","AT3G10680","HSP20-like chaperones superfamily protein","-","-","phyB_sig"
"BraA05003822",-1.96636872605168,2.23449978679755,6.40207546857197,0.0186234253271512,0.0297808305038463,"BraA05003822",-4.10785232169483,2.23449978679755,17.4679171214668,0.00035384879135111,0.000941921186515555,"4.7461690","9.4644227","1.2217919","0.5359601","AT3G12977","AT3G12977","NAC (No Apical Meristem) domain transcriptional regulator superfamily protein","YES","-","phyB_sig"
"BraA03002858",-0.547481858065538,5.05429712025407,6.39122952367382,0.0187123015667356,0.0299107978735065,"BraA03002858",-1.12873260284983,5.05429712025407,19.9301281423114,0.000173371325997326,0.000507223916579538,"38.31450","39.42508","26.24280","18.02867","AT1G34120","IP5PI","inositol polyphosphate 5-phosphatase I","-","-","phyB_sig"
"BraA01002817",-0.507071304777171,3.16314256943285,6.37849830459111,0.0188172275386877,0.0300602011020953,"BraA01002817",-1.03236423506377,3.16314256943285,19.7097488067011,0.000184465465416174,0.000534909068837615,"11.171000","14.029208"," 7.865310"," 6.864705","AT1G62430","CDS1","CDP-diacylglycerol synthase 1","-","YES","phyB_sig"
"BraA09002908",-0.613616500298544,7.73325301529781,6.37113461631262,0.0188782142508674,0.0301515060688638,"BraA09002908",-1.31793183888211,7.73325301529781,21.5063575798694,0.000112341580741348,0.000347466394354258,"262.2299","411.3691","171.3927","165.0151","AT4G08920","CRY1","cryptochrome 1","-","YES","phyB_sig"
"BraA05000087",-0.978817333562361,3.47210549071757,6.34372967092755,0.0191071193991414,0.0304707253639803,"BraA05000087",-1.56341298521566,3.47210549071757,11.6543755076164,0.00235380896999156,0.00489871125051794,"17.285728","15.443342"," 8.762421"," 5.202879","AT2G47890","AT2G47890","B-box type zinc finger protein with CCT domain-containing protein","YES","-","phyB_sig"
"BraA08001515",-1.16509078786413,6.38365483832148,6.31201592490035,0.0193758681508153,0.030833703841253,"BraA08001515",-2.41122207516323,6.38365483832148,18.6693394457396,0.000248399153108979,0.000694088881579146,"146.41011","146.21581"," 65.35767"," 27.48331","AT5G53450","ORG1","OBP3-responsive protein 1","-","-","phyB_sig"
"BraA05000878",-2.04166546445565,1.73926300886886,6.27372521285428,0.019705958861303,0.0313083468736156,"BraA05000878",-5.0742278747368,1.73926300886886,19.3085995704633,0.000206698057678731,0.000590887654897064,"10.9554033"," 8.9723767"," 2.6390085"," 0.2367406","AT2G38400","AGT3","alanine:glyoxylate aminotransferase 3","-","YES","phyB_sig"
"BraA01002974",-0.476215251129739,4.14656753565602,6.25835053662127,0.0198402514286597,0.0315089857216329,"BraA01002974",-1.06190441765823,4.14656753565602,23.0867794334953,7.38990591714971e-05,0.000243086978340515,"20.74822","26.68973","14.96582","12.76838","AT1G59520","CW7","CW7","-","-","phyB_sig"
"BraA03000172",-0.674534770849389,4.95868872644266,6.20995778000823,0.0202696244330852,0.0321228240612929,"BraA03000172",-1.13916491654553,4.95868872644266,12.8642541635592,0.00154242729804616,0.00338319477024061,"48.86318","34.08612","30.61854","15.49517","AT5G04490","VTE5","phytol kinase 1 VTE5","-","-","phyB_sig"
"BraA09002291",-0.855961986414659,3.95952147051616,6.17911675001883,0.0205486474435744,0.0325257150806377,"BraA09002291",-1.80808695273949,3.95952147051616,21.1547312172935,0.000123580446225713,0.000376384718187446," 7.297008","15.581740"," 4.008762"," 4.420122","AT5G46330","FLS2","Leucine-rich receptor-like protein kinase family protein","-","YES","phyB_sig"
"BraA05004593",-1.02338482056643,3.61067789240911,6.13874844405749,0.0209203341952461,0.0330608494210014,"BraA05004593",-2.07968653630586,3.61067789240911,18.0760510574525,0.000295408057700482,0.00080514681007889,"16.921616","24.593443"," 8.333460"," 5.804696","AT3G03150","AT3G03150","hypothetical protein","-","-","phyB_sig"
"BraA09002481",-0.589935456572791,2.57571650801818,6.04824226640214,0.0217811195065727,0.0342834821033455,"BraA09002481",-1.1564121376255,2.57571650801818,17.1253525831184,0.000392236036539482,0.00102913739208726," 8.983919","10.054088"," 5.972572"," 4.509203","AT2G02148","AT2G02148","PPR containing protein","-","-","phyB_sig"
"BraA02001122",-0.870116211979631,2.19526645161558,5.98251223537573,0.0224309477316997,0.0351936919155655,"BraA02001122",-1.51260675994084,2.19526645161558,13.5123088482382,0.00123819126374676,0.00279333961464439," 6.740477","10.482369"," 3.690681"," 3.667797","AT4G23330","AT4G23330","hypothetical protein","-","-","phyB_sig"
"BraA08001191",-0.577592813988121,3.10831079991829,5.96489694039941,0.0226087415954293,0.0354232124937346,"BraA08001191",-1.11449453776587,3.10831079991829,16.327892679583,0.000500402851207455,0.00127017269440499,"10.860908","10.941724"," 7.239190"," 5.035988","AT2G27920","SCPL51","serine carboxypeptidase-like 51","-","-","phyB_sig"
"BraA06001726",-0.702448562464228,3.71532415156113,5.92983141247396,0.0229673489318206,0.0359314255229953,"BraA06001726",-1.02835645634243,3.71532415156113,9.57905932582361,0.00506933330640051,0.00967050130199297,"14.591290","18.715756"," 8.975446"," 9.179876","AT3G01910","SOX","sulfite oxidase","-","-","phyB_sig"
"BraA08000116",-0.537276377564652,3.07095080950694,5.91005219515523,0.0231724153368833,0.0362162463908791,"BraA08000116",-1.1357626187319,3.07095080950694,19.484271602977,0.00019662180736775,0.000565885399153114,"10.933095","12.740329"," 7.540025"," 5.801776","AT1G54150","SPL2","E3 Ubiquitin ligase family protein","-","-","phyB_sig"
"BraA01002234",-0.448779351427881,5.23933849844544,5.87426598849178,0.0235486372757713,0.0367203834674699,"BraA01002234",-1.13088346191821,5.23933849844544,27.4920008972444,2.48056522349499e-05,9.52295039458808e-05,"40.17497","51.59090","29.46267","23.55468","AT4G16180","AT4G16180","transmembrane protein","-","-","phyB_sig"
"BraA09003518",-0.74185582699071,2.7695660722695,5.8336974502224,0.0239833808677612,0.0373317261529432,"BraA09003518",-1.20315999846062,2.7695660722695,11.4144765728344,0.00256481397063412,0.00528474563395485,"8.512223","9.529538","5.069583","4.131904","AT2G25270","AT2G25270","transmembrane protein","-","-","phyB_sig"
"BraA09000183",-1.51350792684166,2.51654802896239,5.76949497018731,0.0246897726248034,0.0383024858184906,"BraA09000183",-2.44404863046373,2.51654802896239,9.97026492727465,0.00436742639585623,0.00847009505554177,"19.5001236"," 9.7326292"," 6.8341592"," 1.7665303","AT4G02280","SUS3","sucrose synthase 3","-","-","phyB_sig"
"BraA10001533",-0.872848638807432,2.75519550580088,5.70977340449477,0.0253677190924771,0.0392227798148909,"BraA10001533",-1.35913640653162,2.75519550580088,10.2782026703237,0.00388982766369094,0.00763891296649974," 9.511790","11.277963"," 5.186084"," 4.371135","AT5G60250","AT5G60250","zinc finger (C3HC4-type RING finger) family protein","-","-","phyB_sig"
"BraA06002106",-0.577768258807015,2.69883260961385,5.70244239826065,0.0254523588368115,0.0393459171176009,"BraA06002106",-1.11688742640256,2.69883260961385,15.5332001299541,0.000641367884902675,0.00157073759271326,"8.656685","8.228007","5.807475","3.802118","AT1G19360","RRA3","Nucleotide-diphospho-sugar transferase family protein","-","-","phyB_sig"
"BraA02004298",-0.568776542389588,2.81111328130981,5.69726620681168,0.0255123098143033,0.0394347202668304,"BraA02004298",-1.3648380978238,2.81111328130981,24.2958690401937,5.41876606954391e-05,0.000186674059826266," 9.362709","14.177868"," 6.308773"," 5.493370","AT5G61910","AT5G61910","DCD (Development and Cell Death) domain protein","-","-","phyB_sig"
"BraA09005802",-0.984167997936285,4.60626494147813,5.68487624782366,0.0256564512817093,0.0396302790161044,"BraA09005802",-1.85174999065296,4.60626494147813,14.3136205043487,0.000949364453513213,0.00221410527460334,"27.86236","31.69641","14.15414"," 8.78569","AT1G57820","VIM1","Zinc finger (C3HC4-type RING finger) family protein","-","-","phyB_sig"
"BraA06000862",-0.482071065271675,4.04653117865632,5.62598118902672,0.0263541496029324,0.0405924566738581,"BraA06000862",-1.26559968966352,4.04653117865632,28.3462639312989,2.03080985510006e-05,8.06991848504795e-05,"23.46890","28.71300","16.82675","11.93868","AT1G52150","ATHB-15","Homeobox-leucine zipper family protein / lipid-binding START domain-containing protein","YES","YES","phyB_sig"
"BraA03002808",-0.465992175987477,3.784207887701,5.61691530314997,0.0264634151401471,0.0407527790143738,"BraA03002808",-1.10681635691108,3.784207887701,23.4488607462261,6.72821056056875e-05,0.000224940599454869,"18.484647","23.189022","13.381333","10.775292","AT4G08455","AT4G08455","BTB/POZ domain-containing protein","-","-","phyB_sig"
"BraA03003087",-0.674484908852337,3.52592456148378,5.59129345133924,0.0267749605208394,0.0411882211295946,"BraA03003087",-1.78350324292812,3.52592456148378,27.4369108871332,2.51307985211885e-05,9.63367678332944e-05,"11.833197","12.782458"," 7.414430"," 3.684326","AT4G02370","AT4G02370","pectinesterase (Protein of unknown function, DUF538)","-","-","phyB_sig"
"BraA03000015",-0.670163003340063,9.30002273928906,5.5751589242199,0.0269732440048387,0.0414689256335378,"BraA03000015",-1.24362724660882,9.30002273928906,14.0926764696378,0.00102084025185996,0.00236051499401729,"789.8792","661.8357","496.3687","279.4765","AT5G01750","AT5G01750","LURP-one-like protein (DUF567)","-","-","phyB_sig"
"BraA01002540",-0.597665766120343,3.72152479119091,5.54905932478657,0.0272974691665529,0.0419141707815377,"BraA01002540",-1.27217295285006,3.72152479119091,18.6496332051105,0.000249822499484133,0.000697199670546144,"13.865241","18.631197"," 9.178090"," 7.700653","AT3G24495","MSH7","MUTS homolog 7","-","-","phyB_sig"
"BraA06003571",-0.531506522582261,3.02658169950128,5.50976555841296,0.027793832537119,0.0426056607064914,"BraA06003571",-1.000843532683,3.02658169950128,14.6612198627615,0.000847733781425882,0.00200591246537032," 8.566617","10.945127"," 5.929856"," 5.472225","AT3G27320","AT3G27320","alpha/beta-Hydrolases superfamily protein","-","-","phyB_sig"
"BraA09004615",-0.923696688299929,6.20681474393989,5.47393246005892,0.0282552732112456,0.0432372156664403,"BraA09004615",-2.8177260481823,6.20681474393989,33.8197421036147,6.08820709946178e-06,2.9242715821034e-05," 85.62730","136.88858"," 45.11024"," 19.42056","AT3G52070","AT3G52070","RNA/RNP complex-1-interacting phosphatase","-","-","phyB_sig"
"BraA10000250",-1.61236177528385,2.81350741234084,5.45864779264328,0.0284546979256802,0.0435127703633739,"BraA10000250",-3.27653989178437,2.81350741234084,14.3551539183594,0.000936548704174535,0.00219005743629582," 8.506513","10.419991"," 2.807711"," 1.062593","AT1G03850","GRXS13","Glutaredoxin family protein","-","-","phyB_sig"
"BraA03006156",-0.445944980909419,3.43032814300252,5.44580994329311,0.0286234126332529,0.0437495159106041,"BraA03006156",-1.19523981643975,3.43032814300252,28.5437653804353,1.93998442178417e-05,7.75796615825274e-05,"14.777950","16.489125","10.860165"," 7.194350","AT4G32930","AT4G32930","hypothetical protein","-","-","phyB_sig"
"BraA08003146",-0.962393451210692,4.61915807767363,5.43535428491607,0.028761646040304,0.0439479961823497,"BraA08003146",-2.22824706749151,4.61915807767363,19.798837227755,0.000179890175810442,0.000523570888915746,"36.305704","30.852602","18.603632"," 6.597632","AT1G21230","WAK5","wall associated kinase 5","-","-","phyB_sig"
"BraA09000741",-1.29958358683866,6.35626777344225,5.4029121122028,0.0291953286822434,0.0445371654834766,"BraA09000741",-2.94286476590139,6.35626777344225,18.6262505699175,0.0002515229270912,0.000700578813026984," 91.66012","193.41848"," 37.24301"," 25.09011","AT5G61380","TOC1","CCT motif -containing response regulator protein","-","-","phyB_sig"
"BraA09005208",-0.602027498005048,7.72939260672127,5.38927912727114,0.0293797478554918,0.0447750998494812,"BraA09005208",-1.02830633992838,7.72939260672127,11.643284177657,0.00236313388980161,0.00491421950396054,"282.2196","343.2374","185.9184","168.3073","AT3G59060","PIL6","phytochrome interacting factor 3-like 6","YES","YES","phyB_sig"
"BraA06004307",-0.549255639759607,10.2564712141929,5.38878098534959,0.0293865110288969,0.0447810711196474,"BraA06004307",-1.01951091728505,10.2564712141929,13.7255955580087,0.0011529371046549,0.00262319023233133,"1865.3738","1895.7006","1274.7950"," 935.1120","AT3G26580","AT3G26580","Tetratricopeptide repeat (TPR)-like superfamily protein","-","-","phyB_sig"
"BraA09003937",-0.49736410052431,3.48049271297312,5.30864830238323,0.0304974482843807,0.0462768568395018,"BraA09003937",-1.11630928836358,3.48049271297312,19.8294762144155,0.000178345350415733,0.00051984366954512,"13.911694","17.517546"," 9.868397"," 8.087485","AT1G27840","ATCSA-1","Transducin/WD40 repeat-like superfamily protein","-","-","phyB_sig"
"BraA01004424",-0.58085501031103,2.74504408477182,5.25963938667948,0.0311999894592568,0.0472381525672088,"BraA01004424",-1.08049560099744,2.74504408477182,13.2855981175039,0.0013364302380847,0.0029875602822686,"9.145570","8.267552","6.116296","3.879058","AT3G08880","AT3G08880","plectin-like protein","-","-","phyB_sig"
"BraA07003651",-0.743084139397044,5.5205632549458,5.1784541989356,0.0324039546667894,0.048849559089672,"BraA07003651",-1.85114794442714,5.5205632549458,22.9461441415949,7.66574183912187e-05,0.000250641413684624,"43.89051","66.47042","26.27161","18.42960","AT1G73950","AT1G73950","Transmembrane Fragile-X-F-associated protein","-","-","phyB_sig"
"BraA09005798",-0.652723177417088,2.46505908129803,5.17528135703416,0.0324520516385674,0.0489173810372583,"BraA09005798",-1.74168850646098,2.46505908129803,26.3205693536617,3.28269791172588e-05,0.000121148101126765,"7.048126","9.263175","4.490273","2.764894","AT2G22530","AT2G22530","Alkaline-phosphatase-like family protein","-","-","phyB_sig"
"BraA05004293",-0.637419618664638,3.03455250273557,5.17448483786556,0.0324641385782543,0.0489262443708745,"BraA05004293",-1.46582389843835,3.03455250273557,20.0298511213816,0.000168591899502743,0.000494251536258741," 9.749090","13.095989"," 6.285300"," 4.713891","AT3G07130","PAP15","purple acid phosphatase 15","-","-","phyB_sig"
"BraA01001152",-0.864764114871155,3.46248226469029,5.17326422766256,0.0324826707479764,0.0489447862888329,"BraA01001152",-1.95360170579177,3.46248226469029,18.4112638195356,0.000267761891249629,0.000740177760496867,"15.595637","16.923526"," 8.583992"," 4.365010","AT4G19390","AT4G19390","Uncharacterized protein family (UPF0114)","-","-","phyB_sig"
"BraA09003068",-1.51980077387717,2.5169219731391,5.14594550249842,0.032900556445062,0.0495218418468695,"BraA09003068",-2.71166582781927,2.5169219731391,10.9678661571696,0.00301501460285279,0.00609665080278814,"14.404796","12.615011"," 5.015108"," 1.898354","AT4G04460","AT4G04460","Saposin-like aspartyl protease family protein","-","-","phyB_sig"
"BraA03003881",-0.843433648054963,2.46806354751,5.0139496762742,0.0350063391663874,0.0523664491996709,"BraA03003881",-1.54775245774364,2.46806354751,12.2979903717057,0.00187591218866943,0.0040167130798064,"7.932989","8.881963","4.404499","3.025047","AT3G14172","AT3G14172","GPI-anchored adhesin-like protein","-","-","phyB_sig"
"BraA03004492",-0.562176669604577,3.32692518066942,5.00074124883635,0.0352252380793651,0.0526488697530345,"BraA03004492",-1.10940218732361,3.32692518066942,14.3419710818939,0.000940595876099563,0.00219756257827032,"13.377682","14.859912"," 9.086375"," 6.895776","AT2G12550","NUB1","ubiquitin-associated (UBA)/TS-N domain-containing protein","-","-","phyB_sig"
"BraA06004447",-1.05481616978027,2.51524248041136,4.9598006143353,0.035913541833577,0.0535657299782529,"BraA06004447",-2.22823525221971,2.51524248041136,15.4856044941308,0.000651089804776005,0.00159138745949129," 9.406881","12.146690"," 4.530825"," 2.587683","AT2G02950","PKS1","phytochrome kinase substrate 1","-","-","phyB_sig"
"BraA04003241",-0.600966516661597,3.35464342004069,4.93902103245845,0.0362686525710831,0.0540339414546945,"BraA04003241",-1.06030648414251,3.35464342004069,11.6206447249962,0.00238229355491651,0.00494948528964966,"13.481562","20.338200"," 8.880335"," 9.750420","AT2G45700","AT2G45700","sterile alpha motif (SAM) domain-containing protein","-","-","phyB_sig"
"BraA04001995",-0.655733561102938,2.91954463030414,4.87149009420183,0.0374501979472525,0.0556467587736953,"BraA04001995",-1.10314855926737,2.91954463030414,10.2368286058056,0.00395052820455709,0.00774845033516867," 9.915948","11.255614"," 6.310017"," 5.207542","AT2G27510","FD3","ferredoxin 3","-","-","phyB_sig"
"BraA03004626",-1.35150560345993,7.10519916065662,4.80838883448725,0.0385933974766285,0.0571888605048139,"BraA03004626",-4.27883599566206,7.10519916065662,28.362056457472,2.02337976839191e-05,8.04445505291453e-05,"183.40386","272.29213"," 71.91083"," 13.99757","AT5G23240","AT5G23240","DNAJ heat shock N-terminal domain-containing protein","-","-","phyB_sig"
"BraA03001958",-0.552342137615017,5.0317056349558,4.78284307465109,0.0390673073502881,0.0578094780195107,"BraA03001958",-1.81388746583225,5.0317056349558,36.5402360472417,3.49635707253437e-06,1.83319987747138e-05,"40.17923","53.21236","27.42028","15.13203","AT5G47840","AMK2","adenosine monophosphate kinase","-","YES","phyB_sig"
"BraA01000912",-0.511940980174066,4.95480569216253,4.74529654421751,0.0397757587880044,0.0587197939714114,"BraA01000912",-1.06855945293598,4.95480569216253,15.1463241286387,0.000725233347195519,0.00174677473371958,"49.35321","42.94024","34.54121","20.50215","AT4G29080","PAP2","phytochrome-associated protein 2","-","-","phyB_sig"
"BraA06004121",-0.690325208471789,2.55477590235248,4.74174888760134,0.0398434411288967,0.0588031658104861,"BraA06004121",-1.33952926442818,2.55477590235248,13.0984256687155,0.0014239690469341,0.00315635442877662,"8.116651","9.611147","5.032450","3.804432","AT3G29130","AT3G29130","kxDL motif protein","-","-","phyB_sig"
"BraA08002275",-0.433796826741408,7.00937635608547,4.72981312342871,0.040072104074356,0.0590963101405756,"BraA08002275",-1.53253952583296,7.00937635608547,42.5050436796661,1.1298162941114e-06,7.16779865752253e-06,"114.81600","155.69372"," 85.03336"," 53.80492","AT4G35830","ACO1","aconitase 1","-","-","phyB_sig"
"BraA04000272",-0.518850309196906,6.34368960365058,4.71009277478205,0.0404531412088813,0.0596079800250694,"BraA04000272",-1.72629969027173,6.34368960365058,37.2281365454279,3.051482462045e-06,1.63368482831933e-05," 76.28581","114.36073"," 53.26544"," 34.57024","AT3G58680","MBF1B","multiprotein bridging factor 1B","-","-","phyB_sig"
"BraA04000841",-1.22375209240052,7.90510175491435,4.40879515867208,0.0468125308749345,0.067993654502785,"BraA04000841",-2.78488740045589,7.90510175491435,15.4200016049622,0.000664754476015118,0.00161969589047646,"444.59131","627.52983","190.33591"," 90.99417","AT4G14270","AT4G14270","polyadenylate-binding protein interacting protein","-","-","phyB_sig"
"BraA06004365",1.21352084630825,4.0873538992974,4.39943958954743,0.047027290939334,0.0682976157395384,"BraA06004365",-2.28916746936796,4.0873538992974,11.0920686032553,0.00288169748524472,0.00585641296549411,"12.134995","40.883245","27.970714"," 8.372953","AT3G25830","TPS-CIN","terpene synthase-like sequence-1,8-cineole","-","-","phyB_sig"
"BraA05002072",-0.536875956504107,3.66149741640871,4.34295294365617,0.0483478254428313,0.0700409362604845,"BraA05002072",-1.26776488424085,3.66149741640871,17.4892772888438,0.000351594760430072,0.000937189081993114,"19.561359","19.353470","13.533893"," 8.036853","AT1G48260","CIPK17","CBL-interacting protein kinase 17","-","-","phyB_sig"
"BraA09001364",-0.49514597134976,4.22362717613745,4.32454483737236,0.0487871713750532,0.0706117556031738,"BraA09001364",-1.50968836892319,4.22362717613745,28.6408729064807,1.89695603424778e-05,7.60909479588688e-05,"17.348822","18.017917","12.289275"," 6.310834","AT3G11860","AT3G11860","sterile alpha motif (SAM) domain protein","-","-","phyB_sig"
"BraA06002498",-0.865103490396683,3.31803065174808,4.29725959938115,0.0494467073106987,0.0714487444294866,"BraA06002498",-1.85064261757478,3.31803065174808,13.7706339120959,0.00113576749428882,0.00259236954177871,"11.798289","12.258322"," 6.519898"," 3.375245","AT3G48360","BT2","BTB and TAZ domain protein 2","-","-","phyB_sig"
"BraA10001892",-0.401187449480829,4.84347055561198,4.27301070023519,0.0500413121818317,0.0721742930395199,"BraA10001892",-1.24017971619968,4.84347055561198,29.7850459462259,1.46118507480633e-05,6.095915839504e-05,"37.24077","43.17675","28.21229","18.26257","AT5G18680","TLP11","tubby like protein 11","-","-","phyB_sig"
"BraA02000309",-0.524120786484743,2.81720671997075,4.24791360086927,0.0506652398499436,0.0729950457883855,"BraA02000309",-1.06432641882998,2.81720671997075,12.9252416724158,0.00151057196742023,0.00332304720715506,"8.161863","9.184194","5.697697","4.375564","AT5G09330","NAC082","NAC domain containing protein 82","YES","-","phyB_sig"
"BraA06002188",-0.469536305965681,3.14740131784175,4.1900803595511,0.0521367785017748,0.0749436432527794,"BraA06002188",-1.21200100202277,3.14740131784175,20.3338377823152,0.000154886864340456,0.000458772910184189,"12.394478","13.333953"," 8.968828"," 5.724454","AT1G20140","SK4","SKP1-like 4","-","-","phyB_sig"
"BraA03001712",-0.622672774567552,3.7551541088558,4.16837822368705,0.0527014069808594,0.0756999585580149,"BraA03001712",-1.78230126835885,3.7551541088558,23.9271231349243,5.95116379833826e-05,0.000202401292536396,"20.089590","21.257578","13.067307"," 6.194488","AT2G30520","RPT2","Phototropic-responsive NPH3 family protein","-","-","phyB_sig"
"BraA03001542",-0.91620939920106,5.38288352348445,4.1116781409581,0.0542095372888126,0.0776395010851601,"BraA03001542",-3.30117483448132,5.38288352348445,34.4810489699692,5.30707710137318e-06,2.59984869254125e-05,"30.991073","87.609961","16.453280"," 8.833729","AT5G53160","RCAR3","regulatory components of ABA receptor 3","-","-","phyB_sig"
"BraA03001288",-1.18232579798947,5.64230642420792,4.08364452789613,0.0549732018108026,0.0786759589472661,"BraA03001288",-2.70205792827364,5.64230642420792,14.4640647102141,0.000903831154707556,0.00212237839401715," 73.58536","108.72920"," 32.47254"," 16.64267","AT5G57630","CIPK21","CBL-interacting protein kinase 21","-","-","phyB_sig"
"BraA10001015",-0.472144542512896,6.73466371547658,4.06299195256153,0.0555436000299693,0.0793984437809207,"BraA10001015",-1.27369516312864,6.73466371547658,21.5991257189196,0.000109565559044468,0.000339974593980584,"120.50081","152.05221"," 86.90902"," 62.89086","AT5G54540","AT5G54540","Uncharacterized conserved protein (UCP012943)","-","-","phyB_sig"
"BraA05001763",-0.407666315054687,7.20657176799966,3.94738332393986,0.0588632285805667,0.0836726467857057,"BraA05001763",-1.13884239955311,7.20657176799966,22.6289195912954,8.32999330099316e-05,0.000268786581708963,"130.32157","168.67123"," 98.22739"," 76.59321","AT1G53430","AT1G53430","Leucine-rich repeat transmembrane protein kinase","-","-","phyB_sig"
"BraA05000828",-0.64044546902891,4.22710980426687,3.89644467854386,0.0603969579157074,0.0856285459911037,"BraA05000828",-1.59978979336549,4.22710980426687,17.9372780330685,0.000307751152808047,0.000834597371674477,"16.373945","30.294139","10.528695"," 9.958742","AT2G39130","AT2G39130","Transmembrane amino acid transporter family protein","-","-","phyB_sig"
"BraA01002513",-1.13644976220698,2.561196296486,3.87486113770044,0.0610604837246526,0.0864086256381334,"BraA01002513",-2.30976371600711,2.561196296486,11.1982648235404,0.00277282114137985,0.00565595477188578," 7.605378","11.247573"," 3.467753"," 2.277328","AT3G50030","AT3G50030","ARM-repeat/Tetratricopeptide repeat (TPR)-like protein","-","-","phyB_sig"
"BraA09006642",-0.611557334775449,2.99296106123091,3.8313055215361,0.062424880070694,0.0881701016073872,"BraA09006642",-1.21967234050584,2.99296106123091,11.2812661155062,0.00269086132957586,0.00551342844669671,"11.512940","13.655324"," 7.480533"," 5.874059","AT1G08460","HDA08","histone deacetylase 8","-","-","phyB_sig"
"BraA10002231",-0.589212316259749,3.04373483611712,3.82614119218175,0.0625889424900542,0.0883701071755878,"BraA10002231",-1.13382143751612,3.04373483611712,10.3577894410522,0.00377592073487064,0.00744867682251709,"12.915272","12.417202"," 8.550084"," 5.654005","AT5G14390","AT5G14390","alpha/beta-Hydrolases superfamily protein","-","-","phyB_sig"
"BraA05004627",-1.0433763657637,3.58854415284742,3.78221225340448,0.0640045114246224,0.0901827060982505,"BraA05004627",-2.02324491326346,3.58854415284742,9.92711250492249,0.00443934726704322,0.00859052446314978,"17.110572","16.798655"," 8.314224"," 4.049666","AT3G02910","AT3G02910","AIG2-like (avirulence induced gene) family protein","-","-","phyB_sig"
"BraA03002764",-0.460770040299508,5.56832003528187,3.73786963561513,0.0654705077907816,0.0920094457702591,"BraA03002764",-1.28308614849312,5.56832003528187,21.1947032850591,0.00012224319681423,0.000373033718079872,"59.16215","77.24714","42.97842","31.77155","AT5G50000","AT5G50000","Protein kinase superfamily protein","-","-","phyB_sig"
"BraA08000445",-0.625153948531274,2.98260930012484,3.71351400634115,0.0662919828188365,0.0930808037081611,"BraA08000445",-1.61840412239161,2.98260930012484,18.1706360708131,0.000287304946206436,0.000786055945296246," 8.900535","13.778733"," 5.768115"," 4.491253","AT3G62210","EDA32","Putative endonuclease or glycosyl hydrolase","-","-","phyB_sig"
"BraA06003389",-1.13784478880899,4.1298502987142,3.67494467700044,0.0676170252409541,0.0947637768046138,"BraA06003389",-2.49562058684943,4.1298502987142,11.6214527811035,0.00238160678145687,0.00494871164886221,"46.097334","25.910313","20.958886"," 4.528363","AT5G67480","BT4","BTB and TAZ domain protein 4","-","-","phyB_sig"
"BraA03004261",-0.522531911036353,3.02172115160569,3.61948219286194,0.069575760260234,0.0972318624252937,"BraA03004261",-1.16467996040635,3.02172115160569,13.1724905036798,0.00138860191823924,0.0030875256664904,"8.784349","9.756161","6.132935","4.340880","AT1G19485","AT1G19485","Transducin/WD40 repeat-like superfamily protein","-","-","phyB_sig"
"BraA04000953",-0.53629659411472,6.63694897692703,3.61686193087932,0.0696698891711614,0.097346121220957,"BraA04000953",-1.10657329674853,6.63694897692703,11.3270356099636,0.00264680396447526,0.00543305873772047,"138.59407","144.07741"," 95.59232"," 66.93704","AT4G12910","scpl20","serine carboxypeptidase-like 20","-","-","phyB_sig"
"BraA01000239",-0.579942881764394,3.55787485785134,3.5616993388223,0.0716857059207901,0.0998348089889609,"BraA01000239",-1.16134043148748,3.55787485785134,10.6288826986683,0.00341454339354361,0.0068082565756055,"15.807411","21.003432","10.591654"," 9.342948","AT4G36520","AT4G36520","Chaperone DnaJ-domain superfamily protein","-","-","phyB_sig"
"BraA09000780",-0.832501329026348,8.2650572338841,3.41835782024812,0.0772435556492661,0.106903505312534,"BraA09000780",-2.8473595451943,8.2650572338841,26.3762249689414,3.2387793581095e-05,0.000119751907673581,"262.74006","312.78430","147.50163"," 43.50674","AT5G62360","AT5G62360","Plant invertase/pectin methylesterase inhibitor superfamily protein","-","-","phyB_sig"
"BraA09000126",-1.18358371478369,5.0930843697394,3.37757633229514,0.0789139566004999,0.108985318670867,"BraA09000126",-2.45462000270379,5.0930843697394,10.0278598122429,0.00427341948217014,0.00831133357832176,"77.392615","91.595434","34.051995","16.624282","AT4G01550","NAC069","NAC domain containing protein 69","YES","-","phyB_sig"
"BraA10002100",-0.419763251655176,5.53232822684545,3.33839425704441,0.0805580269737902,0.111060991903955,"BraA10002100",-1.79939952232272,5.53232822684545,43.4632080925228,9.51711745829198e-07,6.20342181635275e-06,"37.12715","54.08140","27.77221","15.53587","AT5G16150","PGLCT","plastidic GLC translocator","-","-","phyB_sig"
"BraA03004184",-1.66193122906008,3.77143525855892,3.3205821506003,0.0813184088888958,0.111932816432988,"BraA03004184",-7.33510495467419,3.77143525855892,25.3586954098875,4.15374150666812e-05,0.000148144104698856," 6.5186218","25.7952327"," 2.1017932"," 0.1457565","AT3G20080","CYP705A15","cytochrome P450, family 705, subfamily A, polypeptide 15","-","-","phyB_sig"
"BraA05002288",-0.490357605692828,6.26130948028269,3.3071974686753,0.0818952207100305,0.112657819784643,"BraA05002288",-1.57130893131773,6.26130948028269,24.2856900153608,5.43274634611161e-05,0.00018703286852099," 87.14302"," 85.52566"," 62.04180"," 28.75509","AT1G33970","AT1G33970","P-loop containing nucleoside triphosphate hydrolases superfamily protein","-","-","phyB_sig"
"BraA05002877",-1.49625008165154,2.68438336248802,3.2712364614778,0.0834684148867224,0.114556401696035,"BraA05002877",-3.50074157997802,2.68438336248802,10.9098375000695,0.00307960578407175,0.00620994403898536,"10.7616378","11.2908423"," 3.8270417"," 0.9930067","AT3G52850","VSR1","vacuolar sorting receptor homolog 1","-","YES","phyB_sig"
"BraA01003411",-0.528703124092396,3.35088503502678,3.20474588683899,0.0864697681947182,0.118258245841069,"BraA01003411",-1.29222410431569,3.35088503502678,13.7405151995782,0.00114721820154584,0.00261322881469938,"10.208060"," 9.926043"," 7.028464"," 4.092956","AT3G22190","IQD5","IQ-domain 5","-","-","phyB_sig"
"BraA08002230",-0.427159957908832,3.1471458317742,3.15414236482472,0.0888375229328417,0.121212084861558,"BraA08002230",-1.57754149176953,3.1471458317742,30.9780374430188,1.11999561803861e-05,4.86981520108502e-05,"10.021518","13.626950"," 7.451476"," 4.548563","AT4G25300","AT4G25300","2-oxoglutarate (2OG) and Fe(II)-dependent oxygenase superfamily protein","-","-","phyB_sig"
"BraA02004275",-0.744050751129117,2.67973804226244,3.1358604795773,0.0897112796684894,0.122255891080695,"BraA02004275",-2.18638761692873,2.67973804226244,17.4370417382903,0.000357134809803991,0.00094890309019494,"7.411334","5.691805","4.431890","1.221647","AT5G61560","AT5G61560","U-box domain-containing protein kinase family protein","-","-","phyB_sig"
"BraA10002576",-0.507057142425343,6.55843180084363,3.11221835809603,0.0908559840029451,0.123655269192076,"BraA10002576",-1.44242254267932,6.55843180084363,18.2629421861202,0.000279630153611562,0.000767994873119175," 99.02960","134.28923"," 69.70511"," 49.42433","AT5G05090","AT5G05090","Homeodomain-like superfamily protein","YES","-","phyB_sig"
"BraA05003798",-0.699902444530087,3.90795883106976,3.047242079739,0.0940900405743048,0.127538515211812,"BraA05003798",-1.69098895411385,3.90795883106976,13.0371051775863,0.00145399616413953,0.00321250696568728,"15.704712","29.599286"," 9.733308"," 9.182500","AT3G13310","AT3G13310","Chaperone DnaJ-domain superfamily protein","-","-","phyB_sig"
"BraA06001860",-0.719321956200377,4.33144320150942,3.04450263573701,0.0942292908482901,0.127683284947666,"BraA06001860",-1.64887948534707,4.33144320150942,11.5859358172195,0.00241199860508401,0.00499669097710217,"30.52170","44.34905","18.55093","14.11589","AT1G16840","AT1G16840","hypothetical protein","-","-","phyB_sig"
"BraA10000458",-0.59756432221826,5.72594976073855,2.91937791989994,0.100851969492699,0.135792130009845,"BraA10000458",-2.06037653802367,5.72594976073855,24.1990437489868,5.55335167683618e-05,0.000190726064572118,"71.34155","94.01730","47.16948","22.49580","AT1G05805","AT1G05805","basic helix-loop-helix (bHLH) DNA-binding superfamily protein","YES","-","phyB_sig"
"BraA05003710",-0.74641077133,4.41083507631723,2.89789054791404,0.102042895094588,0.137231302869857,"BraA05003710",-1.6743634798399,4.41083507631723,10.0533141673578,0.00423258207218684,0.00824005464640951,"47.603443","24.314459","28.280238"," 7.662716","AT3G14150","HAOX2","Aldolase-type TIM barrel family protein","-","-","phyB_sig"
"BraA03001915",-0.467054113231355,2.70178841435829,2.8669747598503,0.103785214425972,0.139407686897491,"BraA03001915",-1.20218963442484,2.70178841435829,14.0543967488316,0.00103381101227378,0.0023870009290288,"6.816864","9.080551","4.941374","3.944785","AT2G34690","ACD11","Glycolipid transfer protein (GLTP) family protein","-","-","phyB_sig"
"BraA05001546",-0.78657902246342,4.84560657880744,2.74073419347738,0.111269314938618,0.148170813632305,"BraA05001546",-1.98752695254729,4.84560657880744,12.2333724603005,0.00191872600706094,0.00409509107287204,"51.02299","50.86028","29.53855","12.78833","AT2G30140","UGT87A2","UDP-Glycosyltransferase superfamily protein","-","-","phyB_sig"
"BraA05001677",-0.426081871670238,6.38225092561218,2.67439529192917,0.115454274464036,0.153072828719087,"BraA05001677",-1.21110365315557,6.38225092561218,15.8150396896972,0.000586949239759087,0.00145921332155076,"117.16982","149.57531"," 87.25491"," 64.62007","AT4G13530","AT4G13530","transmembrane protein","-","-","phyB_sig"
"BraA02003297",-0.342990587545235,3.0259357289217,2.61591322967969,0.119297328149702,0.157528518882241,"BraA02003297",-1.32970651577325,3.0259357289217,29.2106283921082,1.66451473880501e-05,6.79094400953625e-05," 8.834492","14.921657"," 6.957338"," 5.937859","AT5G38930","AT5G38930","RmlC-like cupins superfamily protein","-","-","phyB_sig"
"BraA08002721",-0.666549577189982,2.52984521773716,2.58102186917507,0.121661721808801,0.160341246024493,"BraA08002721",-2.17456840788509,2.52984521773716,19.0684423049986,0.000221394409366931,0.000627656340676421," 9.358482","14.089031"," 5.891168"," 3.107743","AT1G30330","ARF6","auxin response factor 6","YES","YES","phyB_sig"
"BraA08003226",-0.510438549105546,2.77934108951618,2.47850490359942,0.128934863722764,0.168880315802306,"BraA08003226",-1.32409299949538,2.77934108951618,12.0364021409375,0.00205596682416186,0.00435485369564092," 9.421554","10.154847"," 6.613211"," 4.065079","AT1G19620","AT1G19620","transmembrane protein","-","-","phyB_sig"
"BraA05001702",-0.445470653449267,2.82420361650389,2.45657347990755,0.130556776315277,0.170714557137428,"BraA05001702",-1.12592861746447,2.82420361650389,11.6079610434335,0.0023931019794713,0.0049666963550736," 8.230824","10.551538"," 6.054064"," 4.832423","AT4G14840","AT4G14840","spindle assembly abnormal protein","-","-","phyB_sig"
"BraA02001229",-0.325486729370309,7.79808008858977,2.45581517299753,0.130613286249804,0.17076610395979,"BraA02001229",-1.02817216459338,7.79808008858977,18.0544049816187,0.000297297302461412,0.000809735168842814,"269.2798","381.0147","214.9337","186.8440","AT5G58950","AT5G58950","Protein kinase superfamily protein","-","-","phyB_sig"
"BraA09004434",-0.931590352757893,2.46680428971031,2.40891032254742,0.134165678756909,0.17494647816936,"BraA09004434",-2.20289697577178,2.46680428971031,10.3440697464288,0.00379529292970208,0.00748032941566626," 3.091450"," 7.884929"," 1.597653"," 1.717425","AT3G50310","MAPKKK20","mitogen-activated protein kinase kinase kinase 20","-","-","phyB_sig"
"BraA09003119",-0.457582985653406,4.94728064722379,2.29201700978475,0.143529856410982,0.185953005835611,"BraA09003119",-1.4873060705525,4.94728064722379,17.5179541785504,0.000348593215061501,0.000930448907082928,"46.51959","62.82344","33.83226","22.41677","AT4G04955","ALN","allantoinase","-","-","phyB_sig"
"BraA04003292",-0.313455010925062,5.60002700891291,2.24102054562834,0.147857947296782,0.191011497903098,"BraA04003292",-1.35450351805049,5.60002700891291,30.0838405776024,1.366238215966e-05,5.76221584118564e-05,"44.99409","43.49979","36.21273","16.98460","AT2G46550","AT2G46550","transmembrane protein","-","-","phyB_sig"
"BraA02002302",-0.430358214117546,4.06309683726089,2.08502263966052,0.162103310211288,0.207153211230469,"BraA02002302",-1.08522408698575,4.06309683726089,9.62576933517294,0.00497935170812568,0.00951961567908395,"16.918106","16.669671","12.616883"," 7.891844","AT1G72510","AT1G72510","DUF1677 family protein (DUF1677)","-","-","phyB_sig"
"BraA07003401",-0.349200346175453,4.36773451869822,1.97281705088986,0.173380547748388,0.219904095210284,"BraA07003401",-1.09064429515306,4.36773451869822,14.2209783119392,0.000978646140913215,0.00227464416095304,"22.16062","29.55214","17.43648","13.86089","AT1G70670","CLO4","Caleosin-related family protein","-","-","phyB_sig"
"BraA09003029",-0.913032900777784,3.56713204722964,1.96616542676154,0.174078480259363,0.220718163306136,"BraA09003029",-2.59279318352936,3.56713204722964,10.2589126087732,0.00391800015886823,0.00769040061112183,"35.765050","24.188443","19.014535"," 3.993496","AT4G12580","AT4G12580","hypothetical protein","-","-","phyB_sig"
"BraA07003768",-0.398692750752612,7.72286581595943,1.93730463855477,0.177146647968407,0.22410752376216,"BraA07003768",-1.25451791444074,7.72286581595943,14.003530710811,0.00105132587434105,0.00242211201143561,"234.2674","297.2427","177.6997","124.5579","AT1G75310","AUL1","auxin-like 1 protein","-","-","phyB_sig"
"BraA07004195",-0.305678471697069,3.97120081487187,1.88446804582925,0.182936479345484,0.230445793109077,"BraA07004195",-1.03945761341218,3.97120081487187,16.1889912988697,0.000522377804522611,0.00131703133800831,"18.46577","24.97052","14.91292","12.15133","AT1G79915","AT1G79915","Putative methyltransferase family protein","-","-","phyB_sig"
"BraA05001510",-0.284279375076793,2.963422928633,1.65072259626689,0.211525452842676,0.262178961157864,"BraA05001510",-1.14797480330939,2.963422928633,19.748028936815,0.000182484172731477,0.000530091086057058," 8.439163","10.524377"," 6.947336"," 4.752863","AT2G30910","ARPC1A","actin-related protein C1A","-","-","phyB_sig"
"BraA02003069",-0.361434337520781,3.25478780099551,1.60505975394296,0.217743522230331,0.269039292339771,"BraA02003069",-1.05372843817429,3.25478780099551,10.1569710253611,0.00407064824855286,0.00795135311891561,"11.353983","15.332112"," 8.855396"," 7.376910","AT4G11970","AT4G11970","YTH family protein","-","-","phyB_sig"
"BraA06002133",-0.35388603587845,8.66149269459173,1.5955106865522,0.219072701871091,0.270404981763721,"BraA06002133",-1.49652446574373,8.66149269459173,20.5468634307547,0.000146007731180051,0.000435918377992034,"428.5151","516.8097","335.3495","183.1718","AT1G19660","AT1G19660","Wound-responsive family protein","-","-","phyB_sig"
"BraA07004109",-0.300014528922851,5.72536094603191,1.55750508318571,0.224465113885118,0.276237755477073,"BraA07004109",-1.83835936920182,5.72536094603191,41.2199556366571,1.42793036544837e-06,8.68740314761212e-06,"49.21093","72.61611","40.00181","20.28505","AT1G79440","ALDH5F1","aldehyde dehydrogenase 5F1","-","-","phyB_sig"
"BraA02003652",-0.529737585711232,9.38860941961238,1.52862966446501,0.228674391742079,0.280890816764501,"BraA02003652",-2.63903936177217,9.38860941961238,25.2945873209616,4.22014715477685e-05,0.000150079340750537," 641.0326"," 691.6889"," 444.1162"," 111.0569","AT3G26740","CCL","CCR-like protein","-","-","phyB_sig"
"BraA07000784",-0.244883622369144,3.68053392552897,1.50021574336539,0.232914397856655,0.285379175450002,"BraA07000784",-1.00518717708822,3.68053392552897,18.7243344817653,0.000244473498884809,0.00068494355152134,"15.685884","19.904671","13.234180"," 9.915466","AT3G45580","AT3G45580","RING/U-box protein with C6HC-type zinc finger","-","-","phyB_sig"
"BraA06002227",-0.650971647202165,6.56404263209514,1.44871779758304,0.240857054775516,0.294270747664878,"BraA06002227",-2.36878038985559,6.56404263209514,12.9272515564715,0.00150953447107907,0.00332169335590445," 56.71198"," 59.47207"," 36.21816"," 11.46835","AT1G20620","CAT3","catalase 3","-","YES","phyB_sig"
"BraA07000330",-0.310749714061513,7.12362678248528,1.34126495964329,0.258580298743413,0.312956979047995,"BraA07000330",-1.72729871917599,7.12362678248528,29.437769174922,1.58065106114425e-05,6.50953629053127e-05,"162.12677","240.86939","130.71023"," 72.75984","AT2G17710","AT2G17710","Big1","-","-","phyB_sig"
"BraA05000998",-0.724954355758508,4.17630746222635,1.33216562717767,0.260157401419542,0.314700084410051,"BraA05000998",-3.10465074870939,4.17630746222635,15.3221850548402,0.000685713817367471,0.00166278469964012,"17.516960","23.870207","10.576785"," 2.706573","AT2G36970","AT2G36970","UDP-Glycosyltransferase superfamily protein","-","-","phyB_sig"
"BraA07001428",0.299022081218652,4.26903204818479,1.2865486705792,0.268255233265285,0.323154551629847,"BraA07001428",-1.24339444311954,4.26903204818479,15.9868221317355,0.000556265825547407,0.0013917979898428,"16.730620","20.914589","20.641843"," 8.841932","AT1G22550","AT1G22550","Major facilitator superfamily protein","-","-","phyB_sig"
"BraA05003881",-0.339792205080421,2.61306416918774,1.14774760152066,0.295026639024525,0.351346222578414,"BraA05003881",-1.1963403217856,2.61306416918774,10.3683659308721,0.00376106076292923,0.00742122306738199,"7.152168","8.185439","5.657299","3.558646","AT3G12250","TGA6","TGACG motif-binding factor 6","YES","-","phyB_sig"
"BraA10002309",-0.286813444250423,4.9701074056443,1.12110346592772,0.300567821436644,0.356836439086798,"BraA10002309",-1.34296026233325,4.9701074056443,17.1117746531986,0.00039384834164416,0.00103302331236112,"43.071400","22.514474","35.243502"," 8.886652","AT5G13280","AK-LYS1","aspartate kinase 1","-","-","phyB_sig"
"BraA04000769",-0.335173403474969,2.80930960630965,1.07523987071383,0.310439504589597,0.367392315957914,"BraA04000769",-1.233036343494,2.80930960630965,10.7919197879774,0.00321558125120433,0.00645412508211631," 6.536472","10.607816"," 5.235198"," 4.515589","AT3G51960","BZIP24","basic leucine zipper 24","YES","-","phyB_sig"
"BraA07003734",-0.416353896530662,3.76596150745872,1.03975074833244,0.318382782581763,0.375606730462971,"BraA07003734",-1.69321639463158,3.76596150745872,12.3943628946187,0.00181398798432148,0.00389950435307568,"16.694540","28.653470","12.526544"," 8.859006","AT1G74950","TIFY10B","TIFY domain/Divergent CCT motif family protein","-","YES","phyB_sig"
"BraA05000892",-0.440508616813911,3.10907071098278,0.992588167320196,0.329376539618754,0.387067846319187,"BraA05000892",-2.39730193312971,3.10907071098278,19.6577832024516,0.000187192684449928,0.000542018552840667," 9.950592","13.130489"," 7.302639"," 2.433415","AT2G38290","AMT2","ammonium transporter 2","-","-","phyB_sig"
"BraA07001144",-0.284566675211834,5.93222070467555,0.84172318161522,0.368332592198396,0.42673008988685,"BraA07001144",-1.29975771087317,5.93222070467555,12.7661416853453,0.00159522615034092,0.00348685732625553,"57.95122","75.39418","47.61181","30.63570","AT1G28050","BBX13","B-box type zinc finger protein with CCT domain-containing protein","YES","-","phyB_sig"
"BraA02002466",-0.276098156493224,7.89403496640216,0.822332141169981,0.373810680739884,0.432154250080483,"BraA02002466",-2.02685722771907,7.89403496640216,30.8465873665297,1.15294973155026e-05,4.99653875952672e-05,"239.38118","374.69864","197.73960"," 91.99111","AT1G75380","BBD1","bifunctional nuclease in basal defense response 1","-","-","phyB_sig"
"BraA05003055",-0.391063931075707,3.65188797369887,0.821462050213927,0.374059254377662,0.43237810559627,"BraA05003055",-1.63953485071337,3.65188797369887,10.2345633479488,0.00395388147096678,0.00775406109556656," 9.182478","12.020243"," 6.990630"," 3.871181","AT3G19930","STP4","sugar transporter 4","-","-","phyB_sig"
"BraA02003866",-0.249308494604679,7.33120403833303,0.813807753102281,0.376256402359124,0.434609497322902,"BraA02003866",-1.10772568557535,7.33120403833303,11.8013990907337,0.00223393309907463,0.00468016863828493,"158.5251","239.9795","133.3643","111.3240","AT5G47910","RBOHD","respiratory burst oxidase homologue D","-","YES","phyB_sig"
"BraA01004471",-0.293197666295152,3.12838275635901,0.703645323947888,0.410111239343794,0.4679953750226,"BraA01004471",-1.26528960270883,3.12838275635901,9.68178755328578,0.00487374458242725,0.00934154161317645," 9.922395","15.057457"," 8.101925"," 6.233660","AT3G07650","COL9","CONSTANS-like 9","YES","-","phyB_sig"
"BraA05003080",-0.260463689095511,3.46591025622849,0.65491880150533,0.42657177559598,0.484432882242476,"BraA05003080",-1.6922705279466,3.46591025622849,18.9400369930272,0.000229716284733281,0.000648678565070298," 9.778166","10.272865"," 8.177113"," 3.167908","AT3G19660","AT3G19660","hypothetical protein","-","-","phyB_sig"
"BraA03006300",-0.446726660231049,3.23433840509421,0.603113222132252,0.445229279784152,0.503622627653795,"BraA03006300",-2.40911054448841,3.23433840509421,11.4351286975658,0.00254585795983435,0.00524981059711681,"17.422798","16.079482","12.755825"," 2.993246","AT4G34560","AT4G34560","transmembrane protein","-","-","phyB_sig"
"BraA10002744",-0.209069135958322,3.24382000119344,0.591549657805286,0.449570848443762,0.50805895710115,"BraA10002744",-1.21266299357424,3.24382000119344,15.0728714730635,0.00074246998315661,0.00178337822903785," 5.993049","11.085498"," 5.194136"," 4.788898","AT5G07590","AT5G07590","Transducin/WD40 repeat-like superfamily protein","-","-","phyB_sig"
"BraA01001005",-0.178483713134367,3.22967859064177,0.568256786001612,0.458526211886245,0.516621515754438,"BraA01001005",-1.12833168855114,3.22967859064177,16.7335228033308,0.000441800813080451,0.00114036484058483,"11.720767","16.918892","10.377917"," 7.751332","AT4G17750","HSF1","heat shock factor 1","YES","-","phyB_sig"
"BraA07002035",-0.127899051592268,5.35091523038658,0.542653362542588,0.468710404213945,0.52647554144919,"BraA07002035",-1.13440186522901,5.35091523038658,31.2540882426192,1.05407603636789e-05,4.62922902132551e-05,"34.13161","43.28079","31.22707","19.71787","AT3G56460","AT3G56460","GroES-like zinc-binding alcohol dehydrogenase family protein","-","-","phyB_sig"
"BraA09002706",-0.284772096499061,6.17919333953713,0.533718622086805,0.472352510721794,0.530225967676582,"BraA09002706",-1.90185798497835,6.17919333953713,16.6227635433628,0.000457021194748351,0.00117483482040487," 53.59429"," 68.21855"," 44.02101"," 18.23120","AT4G11360","RHA1B","RING-H2 finger A1B","-","-","phyB_sig"
"BraA05001584",-0.147943461945211,4.09433765672128,0.480589195329461,0.495029506553678,0.55264966912248,"BraA05001584",-1.68870641899397,4.09433765672128,44.5404766242559,7.87131065768602e-07,5.29689738144412e-06,"19.657671","30.903824","17.782159"," 9.586167","AT2G29700","PH1","pleckstrin homologue 1","-","-","phyB_sig"
"BraA03004239",-0.338390987893635,3.99992112157966,0.466475927887352,0.501368679613113,0.558614215127798,"BraA03004239",-1.93241218359712,3.99992112157966,10.5898013126867,0.00346421652265184,0.00690037560953428," 6.052966"," 8.637236"," 4.758263"," 2.256223","AT3G21320","AT3G21320","EARLY FLOWERING protein","-","-","phyB_sig"
"BraA09006498",-0.274349569185379,6.66814036880369,0.422129371797661,0.522250197148105,0.578929368484483,"BraA09006498",-2.03123860337236,6.66814036880369,16.0375925146934,0.000547535730251596,0.00137254537253705," 99.60818","121.44890"," 82.35388"," 29.70425","AT1G11260","STP1","sugar transporter 1","-","-","phyB_sig"
"BraA04000766",-0.197482935896399,7.00697470733864,0.419872651042812,0.523354461795613,0.579949255749292,"BraA04000766",-1.74006009666672,7.00697470733864,23.0857671867134,7.39185225314203e-05,0.000243100197376631,"121.6009","173.2239","106.1055"," 51.8860","AT3G52070","AT3G52070","RNA/RNP complex-1-interacting phosphatase","-","-","phyB_sig"
"BraA10001134",-0.158152080369416,2.72215500985355,0.40048329690698,0.533020813915562,0.58916766931397,"BraA10001134",-1.09128026177687,2.72215500985355,14.125477587116,0.00100986722815077,0.00233754561339605," 7.320007","10.129900"," 6.549469"," 4.750608","AT5G55840","AT5G55840","PPR superfamily protein","-","-","phyB_sig"
"BraA10001851",-0.173536330452543,10.161282525479,0.389998339157573,0.538386418964477,0.594680858561464,"BraA10001851",-1.07933349746693,10.161282525479,11.0683282443721,0.00290667223992639,0.00590183450160492," 873.1125","1211.0827"," 774.2089"," 573.1699","AT5G19140","AILP1","aluminum induced protein with YGL and LRDR motifs","-","-","phyB_sig"
"BraA03003743",-0.183461118199178,4.17672017649134,0.37563984807856,0.545900476223935,0.601798115686002,"BraA03003743",-1.52993197162247,4.17672017649134,18.6279040689825,0.000251402268103244,0.000700366672556649,"24.33808","29.74353","21.40157","10.31345","AT3G11580","AT3G11580","AP2/B3-like transcriptional factor family protein","YES","-","phyB_sig"
"BraA08002680",-0.140918072240017,3.80477549959286,0.365429625858014,0.551365719192546,0.606972752838906,"BraA08002680",-1.08272935712845,3.80477549959286,15.6310131879581,0.000621882091069437,0.00153015852953462,"17.545366","16.803864","15.817747"," 7.926016","AT4G38580","FP6","farnesylated protein 6","-","-","phyB_sig"
"BraA06004497",-0.197799710307242,5.25861404255248,0.357831718257709,0.55550123683471,0.610628498343343,"BraA06004497",-1.64097338695218,5.25861404255248,17.3197164548932,0.000369928388385735,0.000978356104968171,"45.11965","45.46573","39.35357","14.58485","AT2G01890","PAP8","purple acid phosphatase 8","-","-","phyB_sig"
"BraA07002341",-0.152759808204826,4.31838326421276,0.264249257980721,0.612071720262871,0.663362175648116,"BraA07002341",-1.07140627911903,4.31838326421276,9.54012672732264,0.0051456978825746,0.00980192238554087,"20.50098","24.59814","18.42102","11.69607","AT3G62650","AT3G62650","hypothetical protein","-","-","phyB_sig"
"BraA09000654",-0.176604164587002,8.89321831873996,0.253355403729646,0.619462161987956,0.670356440679988,"BraA09000654",-1.43368517203476,8.89321831873996,12.0569572873362,0.00204115476802794,0.00432755604105062,"351.1554","666.5015","310.7091","246.7613","AT5G24490","AT5G24490","30S ribosomal protein","-","YES","phyB_sig"
"BraA02003349",-0.0944460821913079,4.19749066008722,0.224309329318563,0.640196895107228,0.689052183327938,"BraA02003349",-1.02707869292443,4.19749066008722,19.5292280511843,0.000194130059798397,0.000559942668357479,"18.30813","22.66827","17.12774","11.12694","AT2G01540","AT2G01540","Calcium-dependent lipid-binding (CaLB domain) family protein","-","-","phyB_sig"
"BraA10002712",0.0990332920545658,6.69414302327498,0.192799279687529,0.664654355234049,0.710915052354882,"BraA10002712",-1.01964677003593,6.69414302327498,15.0185703020715,0.000755499896214096,0.0018113006566381," 75.26017"," 95.42475"," 80.61007"," 47.04673","AT5G06690","WCRKC1","WCRKC thioredoxin 1","-","-","phyB_sig"
"BraA02000049",0.092446423421126,3.00056269848289,0.132880905880008,0.718761104541039,0.759587739054381,"BraA02000049",-1.05437603935572,3.00056269848289,13.1028463847252,0.00142183067888346,0.00315371438124091," 6.134463","11.904969"," 6.518830"," 5.716073","AT5G02030","RPL","POX (plant homeobox) family protein","YES","-","phyB_sig"
"BraA09006717",-0.0926428689461214,2.26514461126397,0.117703107357769,0.734624662822045,0.774324796947632,"BraA09006717",-1.05605112603584,2.26514461126397,11.639378259703,0.00236642737239929,0.00491911870596471," 5.090752","10.126445"," 4.754845"," 4.870555","AT1G07200","AT1G07200","Double Clp-N motif-containing P-loop nucleoside triphosphate hydrolases superfamily protein","-","-","phyB_sig"
"BraA09005005",0.0943830265042836,3.19315003214407,0.110158151084044,0.742940322716021,0.781154354011367,"BraA09005005",-1.30308152746253,3.19315003214407,15.393382238899,0.000670388126564979,0.00163140215091725," 7.628209","12.321029"," 8.174546"," 4.974238","AT3G56440","ATG18D","yeast autophagy 18 D-like protein","-","-","phyB_sig"
"BraA01004062",0.0747982358295062,6.52623194972185,0.0864247331218745,0.771383420129909,0.806481237651595,"BraA01004062",-1.61801590296526,6.52623194972185,28.7626023961497,1.84447794599991e-05,7.42698461755912e-05," 77.64625","104.58574"," 81.84663"," 34.08320","AT3G14200","AT3G14200","Chaperone DnaJ-domain superfamily protein","-","-","phyB_sig"
"BraA06003628",0.14430898992768,7.44620226531853,0.0850150172886355,0.773200829148318,0.808220284951157,"BraA06003628",-1.87474409287682,7.44620226531853,10.1167968640521,0.00413258766053014,0.00806033826229794," 89.57202","207.75992"," 98.96636"," 56.59215","AT5G24470","PRR5","two-component response regulator-like protein","-","YES","phyB_sig"
"BraA08003890",-0.0537284132582584,4.27837148881259,0.0819599329571743,0.77719653561509,0.811803933279017,"BraA08003890",-1.22134637407603,4.27837148881259,30.1291854680215,1.35242520434417e-05,5.71161060273068e-05,"26.504306","21.660634","25.514695"," 9.284645","AT1G05500","NTMC2T2.1","Calcium-dependent lipid-binding (CaLB domain) family protein","-","-","phyB_sig"
"BraA09000909",0.0640367943121568,4.17206995404996,0.0757293013715098,0.785603619369176,0.819117711239456,"BraA09000909",-1.76361032714051,4.17206995404996,40.797689828866,1.54376585332834e-06,9.25318908278295e-06,"15.556070","27.262484","16.286121"," 8.009781","AT5G65110","ACX2","acyl-CoA oxidase 2","-","-","phyB_sig"
"BraA01001133",0.0570458708060305,4.20081320990822,0.0743175949612073,0.787559864383343,0.820939885125419,"BraA01001133",-1.20547243288021,4.20081320990822,24.3200018370481,5.38577734352201e-05,0.000185740875081149,"14.205591","21.104359","14.796518"," 9.135211","AT4G19140","AT4G19140","exopolysaccharide production negative regulator","-","-","phyB_sig"
"BraA09000755",0.0837617967079,5.04078725587876,0.0594458250844693,0.809514502504534,0.839709916266072,"BraA09000755",-1.26543834908377,5.04078725587876,9.90009914931677,0.00448503060666577,0.00866362116294735,"28.45323","44.99021","30.21131","18.75241","AT5G61590","AT5G61590","Integrase-type DNA-binding superfamily protein","YES","YES","phyB_sig"
"BraA09004145",0.0605217361075972,3.60174956203047,0.0325610950473919,0.858366768450194,0.881841455218723,"BraA09004145",-1.45253482482762,3.60174956203047,13.7479594048986,0.00114437633220629,0.00260823681855299,"11.334937","22.710989","11.900844"," 8.263350","AT1G27060","AT1G27060","Regulator of chromosome condensation (RCC1) family protein","-","-","phyB_sig"
"BraA09000588",0.0652679590414871,7.22542387110203,0.0294828336379734,0.865156041633371,0.88817871740864,"BraA09000588",-1.91760167619726,7.22542387110203,17.8136734849826,0.000319219436907341,0.000862479955720307," 99.26152","154.88700","103.79207"," 40.97719","AT5G26570","PWD","chloroplastidic  phosphoglucan, water dikinase (ATGWD3)","-","YES","phyB_sig"
"BraA07003733",-0.0438612508600829,4.72451340861934,0.0161890526726435,0.899848492891173,0.918343725481882,"BraA07003733",-1.34041058825273,4.72451340861934,10.9696537223876,0.00301304859266804,0.00609349305453254,"17.97034","25.33456","17.38024","10.02686","AT1G74940","AT1G74940","cyclin-dependent kinase, putative (DUF581)","-","-","phyB_sig"
"BraA08002786",-0.0464352176656504,3.35849229829993,0.00805405195853334,0.929259693275207,0.942614395318152,"BraA08002786",-3.25100654762963,3.35849229829993,21.642604904843,0.000108290262214435,0.000336655881346082," 8.8969122"," 9.0855052"," 8.6413034"," 0.9509979","AT1G29280","WRKY65","WRKY DNA-binding protein 65","YES","-","phyB_sig"
"BraA02002767",0.0401408538034673,7.89772897841144,0.0063678401501866,0.937080834102298,0.949141076497437,"BraA02002767",-1.84533304380749,7.89772897841144,9.49504123628501,0.00523571365728973,0.00995171271171843,"105.74442","244.90983","108.83235"," 68.16216","AT1G80920","J8","Chaperone DnaJ-domain superfamily protein","-","-","phyB_sig"
"BraA07002650",0.017845246439523,5.10104422417265,0.00503325286824002,0.944048476073279,0.955153500893065,"BraA07002650",-1.55505621564443,5.10104422417265,27.5944450638128,2.42131194302418e-05,9.32504281458298e-05,"28.43751","52.33345","28.76430","17.83291","AT1G74910","AT1G74910","ADP-glucose pyrophosphorylase family protein","-","-","phyB_sig"
"BraA07002647",-0.0122603409342202,5.13603889983064,0.00472554976137604,0.945782819647276,0.956662269857215,"BraA07002647",-1.05427388889765,5.13603889983064,25.776039814836,3.74827788928822e-05,0.000135658528345359,"30.60693","43.27352","30.26497","20.85977","AT1G74940","AT1G74940","cyclin-dependent kinase, putative (DUF581)","-","-","phyB_sig"
"BraA10001019",-0.016967661129186,4.51085922376179,0.00312832414420953,0.955874753896393,0.965206461331113,"BraA10001019",-1.22156304309201,4.51085922376179,12.0440328977706,0.00205045441123327,0.00434493166839146,"16.65630","32.55653","16.46749","14.02504","AT5G54590","CRLK1","Protein kinase superfamily protein","-","-","phyB_sig"
"BraA07001710",-0.0123055915466342,3.18186478853447,0.00210718218626762,0.96377908877444,0.971743184761366,"BraA07001710",-1.05505260205699,3.18186478853447,11.6099893104087,0.00239136998749448,0.00496442792404034," 9.138066","14.832795"," 9.013533"," 7.156124","AT5G66770","AT5G66770","GRAS family transcription factor","YES","-","phyB_sig"
"BraA01003744",-0.0104430218683805,6.41528398498162,0.000978274997765556,0.97531551817518,0.980548432299268,"BraA01003744",-1.78795953769029,6.41528398498162,20.2799221404717,0.000157226268361704,0.000465089544073147," 58.35246","101.95384"," 57.92564"," 29.54896","AT3G18390","EMB1865","CRS1 / YhbY (CRM) domain-containing protein","-","-","phyB_sig"
"BraA06002476",-0.00966805296644068,2.82832277857402,0.000406469937053245,0.98408704192837,0.987600742154588,"BraA06002476",-2.38487360798573,2.82832277857402,17.4000881629263,0.000361111532058915,0.000958660063182209," 3.080003"," 8.223250"," 3.074357"," 1.555862","AT3G48550","AT3G48550","SHOOT GRAVITROPISM-like protein","-","-","phyB_sig"
"BraA03000507",0.000730918290867621,6.90625411631169,4.14709239291381e-06,0.998392544597433,0.999027250601627,"BraA03000507",-1.61036920571022,6.90625411631169,14.3738217809844,0.000930850110274016,0.00217737862025754," 86.06015","132.95216"," 86.10618"," 43.53213","AT5G11670","NADP-ME2","NADP-malic enzyme 2","-","-","phyB_sig"
