"","logFC_WT","logCPM_WT","F_WT","PValue_WT","FDR_WT","Gene_ID","logFC_phyB","logCPM_phyB","F_phyB","PValue_phyB","FDR_phyB","WT.P_Avg_CPM","phyB.P_Avg_CPM","WT.D_Avg_CPM","phyB.D_Avg_CPM","A._thaliana_best_hit","Symbol","Description","TF","Leaf_development","group"
"BraA03004748",0.688423559198375,3.96584090838014,9.18291970666972,0.00590843522239986,0.0102151549209769,"BraA03004748",1.0103337296571,3.96584090838014,14.9259065441101,0.000778315375899028,0.00180982183729512,"13.72750","11.44272","21.99326","23.09100","AT5G61580","PFK4","phosphofructokinase 4","-","-","phyB_sig"
"BraA06002920",0.94391432726387,2.56812645601506,9.16552530762347,0.00594862554337863,0.0102756108486369,"BraA06002920",1.27561636575894,2.56812645601506,12.9785748250948,0.00148330373070452,0.00319737068218147," 4.169054"," 4.789388"," 7.973475","11.599403","AT3G49645","AT3G49645","FAD-binding protein","-","-","phyB_sig"
"BraA01001005",0.729939164258472,3.22967859064177,9.14472531465304,0.00599707957118506,0.0103502228564093,"BraA01001005",1.21649216471313,3.22967859064177,19.3878260441899,0.000202085769960134,0.000559761000164225," 7.062378"," 7.264171","11.720767","16.918892","AT4G17750","HSF1","heat shock factor 1","YES","-","phyB_sig"
"BraA10001468",0.935023276404341,5.23274018990028,9.11158278594482,0.00607518462112991,0.0104700980988268,"BraA10001468",1.43282432979311,5.23274018990028,15.7210112606527,0.000604522808469538,0.00145403254971127,"32.57814","22.15404","62.35778","59.77004","AT5G59430","TRP1","telomeric repeat binding protein 1","-","-","phyB_sig"
"BraA10002940",0.715793788603262,6.28028811176975,9.10167345547454,0.00609875399664379,0.0105038174753445,"BraA10002940",1.12303039744314,6.28028811176975,16.6278405991418,0.000456311141682093,0.0011380664506538," 65.97714"," 54.31676","108.54190","118.28008","AT5G04860","AT5G04860","splicing factor 3A subunit","-","-","phyB_sig"
"BraA05003235",2.20526285690183,2.02353164099035,9.09803044645495,0.00610744416090487,0.0105141825541554,"BraA05003235",2.93595492842124,2.02353164099035,10.9855643888778,0.00299561139562955,0.00594889267817424," 2.3750051"," 0.9921501","11.1797715"," 7.6416943","AT3G19010","AT3G19010","2-oxoglutarate (2OG) and Fe(II)-dependent oxygenase superfamily protein","-","-","phyB_sig"
"BraA08002039",0.501197393392769,6.33769709682957,9.08299673956202,0.00614345037899994,0.010565768025072,"BraA08002039",1.13277164003096,6.33769709682957,34.2587907068081,5.55671448366496e-06,2.6399844845423e-05," 72.01091"," 58.53815","101.98029","128.38756","AT1G54060","ASIL1","6B-interacting protein 1-like 1","YES","-","phyB_sig"
"BraA09004303",0.627425845096176,3.56509082428903,9.05257870835304,0.00621701846328749,0.0106841216958342,"BraA09004303",1.16504403234285,3.56509082428903,23.5360579928021,6.57868391036265e-05,0.000212450727839779,"10.750179"," 9.304813","16.593834","20.867621","AT1G22870","AT1G22870","kinase family with ARM repeat domain-containing protein","-","-","phyB_sig"
"BraA01001879",0.751716734737308,3.29972364630778,9.05103859799529,0.00622076900046112,0.0106894000073426,"BraA01001879",1.00531953971393,3.29972364630778,12.4155455634652,0.00180067897376797,0.00378862278400052," 7.828236"," 8.808143","13.306078","17.691317","AT4G27100","AT4G27100","Ypt/Rab-GAP domain of gyp1p superfamily protein","-","-","phyB_sig"
"BraA03003423",0.713876172197317,7.67100218299515,9.04997894059923,0.00622335096427644,0.0106926693786389,"BraA03003423",1.10889474389581,7.67100218299515,16.1606437719182,0.000526990648721757,0.00129056976310989,"191.4453","137.9843","314.0501","297.6136","AT3G05670","AT3G05670","RING/U-box protein","-","-","phyB_sig"
"BraA08000814",0.697477840757726,3.89980160340035,9.03812791948788,0.00625230760392857,0.0107318780464379,"BraA08000814",1.18660966370009,3.89980160340035,19.2310465336532,0.000211324226524005,0.000582529479069673,"14.968095"," 8.812965","24.232863","20.095679","AT1G33230","AT1G33230","TMPIT-like protein","-","-","phyB_sig"
"BraA06001615",0.645691932340016,4.7061319647701,9.02019778849141,0.00629639986807749,0.0108004941067502,"BraA06001615",1.20183548405006,4.7061319647701,23.0192028927975,7.521074522464e-05,0.000238240517173643,"28.84735","17.74237","45.05361","40.80549","AT1G14290","SBH2","sphingoid base hydroxylase 2","-","-","phyB_sig"
"BraA04000012",0.623611581106616,5.37963893030988,9.01659146248203,0.00630530947374097,0.0108134202567752,"BraA04000012",1.15416663655876,5.37963893030988,22.9158524797766,7.72660992592881e-05,0.000243867736583356,"41.44400","34.43194","63.82835","76.67269","AT3G63260","ATMRK1","Protein kinase superfamily protein","-","-","phyB_sig"
"BraA01001900",1.20902755409152,5.9898885464892,8.9557317771616,0.00645777648023292,0.0110448116699844,"BraA01001900",1.44453304620205,5.9898885464892,9.52982017183351,0.00516612462092639,0.00967572602729432," 48.78600"," 47.10501","112.99231","128.13748","AT4G27310","BBX28","B-box type zinc finger family protein","-","-","phyB_sig"
"BraA09004869",1.11154429908932,4.29837980718614,8.94240577111531,0.00649169935709247,0.0110943917351396,"BraA09004869",1.89243960043273,4.29837980718614,18.6643528020102,0.000248758492228402,0.000672643646740258,"16.567045"," 9.168291","35.519380","34.115179","AT3G54950","pPLAIIIbeta","patatin-like protein 6","-","-","phyB_sig"
"BraA06004451",0.57345193146805,5.34796324590233,8.94152366474437,0.00649395176524401,0.0110970362376442,"BraA06004451",1.0082252430311,5.34796324590233,20.6929480247705,0.00014023990165646,0.000407866971927695,"36.84208","35.05069","54.89317","70.51027","AT2G02820","MYB88","myb domain protein 88","YES","-","phyB_sig"
"BraA09000397",1.22838647094664,5.54619567983639,8.92438394769694,0.00653788808253189,0.0111663323401234,"BraA09000397",1.95390565213833,5.54619567983639,16.3352128707822,0.000499273069938699,0.00122924419221572," 39.79544"," 30.24217"," 93.47947","117.02989","AT3G29240","AT3G29240","PPR containing protein (DUF179)","-","-","phyB_sig"
"BraA04000767",0.922186281683574,6.63166184445063,8.92071162022904,0.00654734426888365,0.0111809915148344,"BraA04000767",1.5413336565211,6.63166184445063,18.1676046181784,0.000287560859909964,0.000763015498142756," 99.34673"," 62.42671","188.28221","181.64066","AT3G52060","AT3G52060","core-2/I-branching beta-1,6-N-acetylglucosaminyltransferase family protein","-","-","phyB_sig"
"BraA03003548",0.674021110130782,6.04670967223045,8.91694326492174,0.00655706336454388,0.0111951597090705,"BraA03003548",1.18968079423174,6.04670967223045,20.533696759277,0.000146540144981128,0.000423762976667822," 61.71630"," 47.61622"," 98.59131","108.60761","AT3G07360","PUB9","plant U-box 9","-","-","phyB_sig"
"BraA03005252",0.829078051876559,7.09943147298991,8.87895420179404,0.00665593345312004,0.0113491921300086,"BraA03005252",1.49931952320124,7.09943147298991,21.1696611497957,0.000123079116444688,0.000365314971306692,"135.36336"," 90.52196","240.37123","255.94475","AT4G20260","PCAP1","plasma-membrane associated cation-binding protein 1","-","-","phyB_sig"
"BraA05004523",1.2593990759638,2.73402283599325,8.86130704145553,0.0067024186299613,0.0114247421740948,"BraA05004523",3.04446501995984,2.73402283599325,37.1572335612107,3.09435834122631e-06,1.63111856299069e-05," 3.083056"," 3.626310"," 7.456685","29.942450","AT3G04000","AT3G04000","NAD(P)-binding Rossmann-fold superfamily protein","-","-","phyB_sig"
"BraA01002348",1.01741437462146,2.63470576678066,8.85715623980582,0.00671340424132559,0.0114397513000395,"BraA01002348",1.21163043448845,2.63470576678066,9.54543994582888,0.0051352021893035,0.00962239076900441," 4.879631"," 4.465504"," 9.833820","10.354956","AT4G14790","ATSUV3","ATP-dependent RNA helicase","-","-","phyB_sig"
"BraA09000516",0.753567029083161,7.09930230276128,8.79549831134195,0.00687894357528104,0.0116889314341923,"BraA09000516",1.19473465899119,7.09930230276128,16.3298660780055,0.000500098007164656,0.00123069772244711,"121.30901"," 89.21095","204.50526","204.24238","AT5G27150","NHX1","Na /H  exchanger 1","-","YES","phyB_sig"
"BraA10003155",2.08967491535809,6.79881562720379,8.74424106448396,0.00701997997172492,0.0119144365705144,"BraA10003155",2.77051892014832,6.79881562720379,10.9489464982301,0.00303590931904111,0.00601980507454107," 65.02706"," 45.48265","277.53982","310.12502","AT5G02020","SIS","E3 ubiquitin-protein ligase RLIM-like protein","-","-","phyB_sig"
"BraA09007010",1.1459052117127,2.6754185771814,8.70284878280785,0.00713619550305822,0.0120947256614769,"BraA09007010",1.81689099180025,2.6754185771814,15.7940805175707,0.000590817594557333,0.00142586153608286," 5.079868"," 2.790085","11.168975"," 9.866593","AT1G01650","SPPL4","SIGNAL PEPTIDE PEPTIDASE-LIKE 4","-","-","phyB_sig"
"BraA05003185",1.30350581870248,4.2456830471924,8.69840968795067,0.00714878413700504,0.0121147569246834,"BraA05003185",1.78698633403672,4.2456830471924,12.0854864884948,0.00202078976468172,0.00420341362443376,"15.090886","12.510700","37.216065","43.101905","AT2G36320","AT2G36320","A20/AN1-like zinc finger family protein","-","-","phyB_sig"
"BraA03005179",1.18597559505596,2.85578440517734,8.6370907145629,0.0073251992877215,0.0123973497690491,"BraA03005179",2.2803342265005,2.85578440517734,22.9267245555518,7.70470324687629e-05,0.000243273879851219," 5.334247"," 3.759958","12.164890","18.253478","AT4G18890","BEH3","BES1/BZR1 homolog 3","YES","-","phyB_sig"
"BraA03004492",0.744263600310977,3.32692518066942,8.56415906717786,0.00754128944688323,0.0127292113559187,"BraA03004492",1.04142381568894,3.32692518066942,12.7199150215975,0.00162078511719935,0.00345539181155597," 7.985068"," 7.207467","13.377682","14.859912","AT2G12550","NUB1","ubiquitin-associated (UBA)/TS-N domain-containing protein","-","-","phyB_sig"
"BraA02000504",0.920262280001578,5.13504520324003,8.52599408077817,0.00765715816217129,0.0129040331341088,"BraA02000504",1.65626325540812,5.13504520324003,20.191500092724,0.000161146664307691,0.000460001540842049,"28.28426","22.57077","53.44166","71.17085","AT5G13180","NAC083","NAC domain containing protein 83","YES","YES","phyB_sig"
"BraA03000073",0.655536489187932,4.10724997454073,8.52459856222895,0.00766143192715976,0.0129098531777641,"BraA03000073",1.10021963197287,4.10724997454073,17.8179497414959,0.000318814986821357,0.000833025878580372,"16.76441","11.82163","26.54250","25.34854","AT5G02310","PRT6","proteolysis 6","-","-","phyB_sig"
"BraA05003371",0.614514933806719,3.58193678399115,8.52007870173209,0.00767529200101184,0.0129318236026468,"BraA05003371",1.15408614776219,3.58193678399115,22.4363991276041,8.76351014775342e-05,0.000272442523653247,"11.760163"," 8.619514","17.871443","19.206183","AT3G17920","AT3G17920","Outer arm dynein light chain 1 protein","-","-","phyB_sig"
"BraA04001606",0.637471515856308,6.52055247493792,8.51567080262038,0.00768883533684714,0.0129518694565469,"BraA04001606",1.21160921975557,6.52055247493792,22.6771674957988,8.22504581777373e-05,0.000257431340568221," 83.86230"," 67.67591","130.46922","156.73115","AT2G22300","SR1","signal responsive 1","YES","YES","phyB_sig"
"BraA07003520",0.891725150218533,5.14497366268853,8.50699029784652,0.00771558330162942,0.0129927550195407,"BraA07003520",1.20776558593236,5.14497366268853,11.5911072226156,0.00240754714832327,0.0049023016965858,"35.84183","25.31749","66.24903","58.50157","AT1G72150","PATL1","PATELLIN 1","-","-","phyB_sig"
"BraA10001533",1.07894306507801,2.75519550580088,8.50601746964184,0.00771858733622501,0.0129964232640331,"BraA10001533",1.38089622605469,2.75519550580088,10.5884157613977,0.00346599206331518,0.00677083346466135," 4.420299"," 4.320357"," 9.511790","11.277963","AT5G60250","AT5G60250","zinc finger (C3HC4-type RING finger) family protein","-","-","phyB_sig"
"BraA07001950",0.59667220518043,3.47220312734086,8.50337407211044,0.00772675649253417,0.0130060044051425,"BraA07001950",1.44618746592622,3.47220312734086,37.2139114648765,3.06003246982919e-06,1.61790094306723e-05,"10.316022"," 7.611280","15.509953","20.762718","AT3G54380","SAC3C","SAC3/GANP/Nin1/mts3/eIF-3 p25 family","-","-","phyB_sig"
"BraA08000830",0.87783956861552,3.69977971297952,8.47389650075249,0.0078185017465492,0.0131491844738417,"BraA08000830",1.85445504938744,3.69977971297952,27.3024677983245,2.5943926896907e-05,9.67442334416764e-05,"10.898927"," 6.880498","20.140748","24.923349","AT4G12617","AT4G12617","B3 domain protein","-","-","phyB_sig"
"BraA02001229",0.604939322191558,7.79808008858977,8.42782365912516,0.007964309309942,0.0133772520049607,"BraA02001229",1.07606436042933,7.79808008858977,19.7389148714338,0.000182953784118527,0.0005147823671837,"177.0329","180.7129","269.2798","381.0147","AT5G58950","AT5G58950","Protein kinase superfamily protein","-","-","phyB_sig"
"BraA04001612",0.503930946957759,5.71664720528053,8.4240466442121,0.00797639462656201,0.013393263433122,"BraA04001612",1.04618433482986,5.71664720528053,26.969763813297,2.80819115671566e-05,0.000103321479211558,"52.44673","40.62651","74.22115","83.90439","AT2G22400","AT2G22400","S-adenosyl-L-methionine-dependent methyltransferases superfamily protein","-","-","phyB_sig"
"BraA02003804",0.866666461454085,2.76317641896126,8.39742793340521,0.00806214137453391,0.0135209164789042,"BraA02003804",1.60815928824711,2.76317641896126,21.4944528140606,0.000112703332711875,0.000338806420207761," 5.380829"," 4.094090"," 9.811796","12.496278","AT3G28970","AAR3","defective in cullin neddylation protein (DUF298)","-","-","phyB_sig"
"BraA07004067",0.631842543708449,3.8220849845821,8.39656011212456,0.00806495391711063,0.0135217697758118,"BraA07004067",1.00825288668194,3.8220849845821,16.363443891008,0.000494941947401945,0.00121953447903986,"11.91134","12.39842","18.42428","24.94760","AT1G78880","AT1G78880","Ubiquitin-specific protease family C19-related protein","-","-","phyB_sig"
"BraA03002336",0.901225057213715,3.80102611797324,8.37537260726839,0.00813395733427069,0.0136287511647244,"BraA03002336",1.62919157123364,3.80102611797324,19.898021952933,0.000174941336762133,0.000494269725477648,"12.991013"," 7.695457","24.259663","23.876866","AT2G42030","AT2G42030","RING/U-box superfamily protein","-","-","phyB_sig"
"BraA01001156",1.32442402654668,6.48535297574199,8.36707015943966,0.00816117381576401,0.0136728979095397,"BraA01001156",2.92085440431844,6.48535297574199,27.3268206142661,2.57945405344666e-05,9.62784130928394e-05," 78.96845"," 35.91901","197.59999","272.08346","AT4G19420","AT4G19420","Pectinacetylesterase family protein","-","-","phyB_sig"
"BraA01002310",2.43355632334294,1.85402130591838,8.32726841855423,0.00829304948413091,0.0138731638729111,"BraA01002310",6.85384282178643,1.85402130591838,24.7934108111649,4.78092384568527e-05,0.00016246058145744," 2.02512935"," 0.06116826","11.16407662"," 8.32814700","AT3G30280","AT3G30280","HXXXD-type acyl-transferase family protein","-","-","phyB_sig"
"BraA10000260",0.577001848330307,5.34123992674746,8.32197179782709,0.00831077509865702,0.0138968527876868,"BraA10000260",1.12187808300358,5.34123992674746,23.298544786056,6.99473358419234e-05,0.000223683678616797,"39.77291","31.25747","59.44954","68.03472","AT1G03970","GBF4","G-box binding factor 4","YES","-","phyB_sig"
"BraA04003326",4.24042651261552,2.28165441544115,8.26122034230986,0.00851709729705047,0.0142117154092626,"BraA04003326",7.18879058547253,2.28165441544115,13.2728122715361,0.00134221896274853,0.00292854539418655," 0.38354882"," 0.06116826"," 5.99405178","10.46801963","AT2G47770","TSPO","TSPO(outer membrane tryptophan-rich sensory protein)-like protein","-","-","phyB_sig"
"BraA03005240",0.784458015832909,6.65828959137261,8.24576756331638,0.00857047330571727,0.0142901747703379,"BraA03005240",1.17249614477291,6.65828959137261,13.641648910882,0.00118570131558345,0.00262046317148042," 98.13304"," 71.49201","168.88233","161.15314","AT4G20070","AAH","allantoate amidohydrolase","-","-","phyB_sig"
"BraA06002215",0.764167389845384,2.75046348892567,8.19831156154229,0.00873671001280992,0.0145550185861164,"BraA06002215",1.05369603628657,2.75046348892567,11.8937271748588,0.00216207868903595,0.00445900400490381," 5.704401"," 5.334303"," 9.694191","11.092092","AT1G20460","AT1G20460","NADH-ubiquinone oxidoreductase chain","-","-","phyB_sig"
"BraA03005512",1.27692120805745,7.01626583533464,8.11029014801703,0.00905453370286827,0.0150431032808894,"BraA03005512",2.58002109214944,7.01626583533464,22.7978293100504,7.96883382472867e-05,0.000250458155753253,"125.26376"," 58.14300","303.33984","347.63310","AT4G24230","ACBP3","acyl-CoA-binding domain 3","-","-","phyB_sig"
"BraA01000647",0.686075059802702,6.00555125772107,8.1003275963918,0.00909130139100001,0.0150962215312101,"BraA01000647",1.09087076467898,6.00555125772107,15.1561564748186,0.000722959400347379,0.00169790823059799,"59.81454","41.01438","96.31786","87.39256","AT4G32040","KNAT5","homeobox protein knotted-1-like 5","YES","-","phyB_sig"
"BraA02003937",1.33301430820957,2.18546075275848,8.09274945104184,0.00911937940599954,0.0151380544031252,"BraA02003937",1.93257197120869,2.18546075275848,12.5582918448504,0.0017137292168506,0.00362555078941242,"3.075090","2.525286","7.973787","9.659303","AT5G49170","AT5G49170","hypothetical protein","-","-","phyB_sig"
"BraA09003507",1.18413289874592,4.60792472859007,8.09055982368694,0.00912751004775944,0.0151499534062779,"BraA09003507",2.24811197117816,4.60792472859007,20.8638905560747,0.000133803787826858,0.000391973128679461,"20.47579","13.91549","46.19723","66.07482","AT1G32200","ATS1","phospholipid/glycerol acyltransferase family protein","-","-","phyB_sig"
"BraA02001970",1.60774170461741,5.13133744560161,8.03786378412473,0.00932561407043063,0.0154461923043858,"BraA02001970",2.20651997876875,5.13133744560161,10.8161053429468,0.00318716444646976,0.00629119242380662,"27.22217","13.21081","83.21687","61.01983","AT1G67980","CCOAMT","caffeoyl-CoA 3-O-methyltransferase","-","-","phyB_sig"
"BraA07002607",0.490227282195888,5.54857702829551,8.00373620502318,0.00945643892199445,0.0156398390913305,"BraA07002607",1.02943112317727,5.54857702829551,26.2954909362615,3.30269903138341e-05,0.000118740252978472,"41.36853","35.47454","57.95739","72.45397","AT1G75760","AT1G75760","ER lumen protein retaining receptor family protein","-","-","phyB_sig"
"BraA09004664",0.682875812083825,4.3541097013869,7.95841200138478,0.00963332322019756,0.0159006404662237,"BraA09004664",1.03788023050259,4.3541097013869,13.8765785140839,0.00109647032886417,0.00244419246230308,"16.16229","15.54771","25.95646","31.93775","AT3G52610","AT3G52610","GATA zinc finger protein","-","-","phyB_sig"
"BraA03001795",0.606307572308574,3.54282784265498,7.91628577698079,0.00980100258908376,0.0161570780008565,"BraA03001795",1.00137864545422,3.54282784265498,16.4342222123647,0.000484262461974763,0.00119772016836624,"10.553718"," 9.467400","15.975319","18.942354","AT2G32000","AT2G32000","DNA topoisomerase, type IA, core","-","-","phyB_sig"
"BraA06001995",0.871813315340817,2.80072978220908,7.87740350129525,0.00995862962359992,0.0163791881165583,"BraA06001995",1.23527221374913,2.80072978220908,12.0363970322167,0.00205597052009888,0.00426813188952208," 5.703738"," 5.475402","10.392316","12.938564","AT1G18260","EBS5","HCP-like superfamily protein","-","-","phyB_sig"
"BraA03002161",1.44479784322321,4.77585074793457,7.86631716056106,0.0100040838768913,0.0164453556367906,"BraA03002161",2.96051983933296,4.77585074793457,22.3617888645773,8.93807083069478e-05,0.000277212285468248,"18.91731","10.33287","51.62245","80.38045","AT3G54620","BZIP25","basic leucine zipper 25","YES","-","phyB_sig"
"BraA09006335",1.49135498922605,2.4655929204198,7.8596272393139,0.010031623380431,0.0164802997607748,"BraA09006335",2.12236785866749,2.4655929204198,11.642297799714,0.00236396513297662,0.00482479398250156," 3.785645"," 2.589849","10.596292","11.315809","AT1G13780","AT1G13780","F-box/RNI-like/FBD-like domains-containing protein","-","-","phyB_sig"
"BraA09006642",0.889674698190482,2.99296106123091,7.84870145504046,0.0100767800645031,0.0165522951272105,"BraA09006642",1.19756088694781,2.99296106123091,10.9056128365415,0.00308436709072591,0.00610665886893406," 6.193410"," 5.959331","11.512940","13.655324","AT1G08460","HDA08","histone deacetylase 8","-","-","phyB_sig"
"BraA03001966",0.614620684374305,4.58862625720083,7.82664241338316,0.0101686358100775,0.0166879707695361,"BraA03001966",1.06955646428885,4.58862625720083,17.7379941164368,0.000326470558438865,0.000849082384307292,"21.62364","18.84930","33.19202","39.59575","AT2G35795","AT2G35795","Chaperone DnaJ-domain superfamily protein","-","-","phyB_sig"
"BraA09000151",0.831197150102422,4.16326254376113,7.79034112218073,0.0103218148089385,0.0169111444876332,"BraA09000151",1.15175322574595,4.16326254376113,11.1942377142254,0.00277686668307742,0.00555726402945182,"15.289868","12.879965","27.211219","28.633924","AT4G01960","AT4G01960","transmembrane protein","-","-","phyB_sig"
"BraA08002721",1.18361882513367,2.52984521773716,7.75306640693667,0.0104817547723852,0.0171517642288537,"BraA08002721",2.66416443899666,2.52984521773716,27.2211214923875,2.64497890115532e-05,9.83619137226189e-05," 4.112264"," 2.221344"," 9.358482","14.089031","AT1G30330","ARF6","auxin response factor 6","YES","YES","phyB_sig"
"BraA06001665",0.584700701199389,7.12122026388962,7.68850312077995,0.0107652958556211,0.0175718922293348,"BraA06001665",1.00778984139623,7.12122026388962,16.9622142666325,0.000412094107105257,0.00104031455426411,"120.0404","116.8224","180.1718","234.9011","AT1G14750","SDS","Cyclin family protein","-","-","phyB_sig"
"BraA05000720",0.832697515761068,3.35371973987239,7.60791193213345,0.0111311691985513,0.0181071313750721,"BraA05000720",1.11568081484961,3.35371973987239,10.1309280821002,0.00411068343561066,0.00789050698494046," 8.852613"," 6.114537","15.842055","13.247631","AT2G46070","MPK12","mitogen-activated protein kinase 12","-","-","phyB_sig"
"BraA07002881",2.02151385129679,6.9320711289588,7.58404940494462,0.0112421197391721,0.0182649633252033,"BraA07002881",3.27966526295601,6.9320711289588,13.500391507622,0.00124315395248985,0.00273247356684684," 82.79015"," 33.54108","336.59725","325.51025","AT1G69490","NAP","NAC-like, activated by AP3/PI","YES","YES","phyB_sig"
"BraA07004125",1.61753288203857,5.76790860048629,7.50112817997068,0.011637266041414,0.0188350197935072,"BraA07004125",3.34708515488835,5.76790860048629,21.1723302694305,0.000122989724118187,0.000365118494458744," 38.43779"," 19.84206","118.15757","201.75601","AT1G79700","WRI4","Integrase-type DNA-binding superfamily protein","YES","-","phyB_sig"
"BraA02002393",0.518055956390576,4.35888817875753,7.46011672783432,0.0118383476563702,0.0191329286488619,"BraA02002393",1.09854112238333,4.35888817875753,25.1943078641814,4.32634901864946e-05,0.000149498866198776,"17.93876","16.81836","25.72118","36.01911","AT1G73980","AT1G73980","Phosphoribulokinase / Uridine kinase family","-","-","phyB_sig"
"BraA09006704",0.772061757231887,2.84341411007916,7.37037914003985,0.0122918577621327,0.0197886714918654,"BraA09006704",1.46686993832992,2.84341411007916,20.2192055411078,0.00015990694352716,0.00045704290741193," 5.469735"," 5.602151"," 9.313928","15.499696","AT1G07310","AT1G07310","Calcium-dependent lipid-binding (CaLB domain) family protein","-","-","phyB_sig"
"BraA06001728",0.747678291799287,3.85973195795458,7.3242527508831,0.0125324110573299,0.0201370964239876,"BraA06001728",1.08229806279402,3.85973195795458,11.5604819822342,0.00243404056348756,0.00495112412371339,"12.01791","10.43568","20.26933","22.12037","AT1G15400","AT1G15400","hypothetical protein","-","-","phyB_sig"
"BraA06001860",1.13458474128391,4.33144320150942,7.32199336987595,0.0125443268486207,0.0201538945184535,"BraA06001860",1.6909940644212,4.33144320150942,12.1497561988817,0.00197572191746446,0.00412001364346722,"13.94369","13.72444","30.52170","44.34905","AT1G16840","AT1G16840","hypothetical protein","-","-","phyB_sig"
"BraA04003241",0.736768264376187,3.35464342004069,7.28053928816413,0.0127651895547979,0.020479470348845,"BraA04003241",1.46045480024068,3.35464342004069,21.4930984150028,0.000112744569352226,0.000338858033531417," 8.026365"," 7.387630","13.481562","20.338200","AT2G45700","AT2G45700","sterile alpha motif (SAM) domain-containing protein","-","-","phyB_sig"
"BraA02000395",1.09634103306318,7.28665587068674,7.23305457498966,0.0130234791023644,0.0208513438176397,"BraA02000395",1.71996791183677,7.28665587068674,12.9444237550216,0.00150070192879149,0.00322868348266512,"140.75140","107.02773","301.12719","352.51917","AT5G10860","CBSX3","Cystathionine beta-synthase (CBS) family protein","-","-","phyB_sig"
"BraA09005525",0.568514571530217,4.16436143374492,7.23194339733268,0.0130295920410656,0.0208547670049189,"BraA09005525",1.02762045452606,4.16436143374492,17.7850198341239,0.000321943985233712,0.000839946681183263,"15.85601","13.68004","23.39338","27.90325","AT3G62900","AT3G62900","CW-type Zinc Finger","-","-","phyB_sig"
"BraA06003646",0.666602023327538,2.47815693052972,7.22717867424437,0.0130558402689279,0.020892530076548,"BraA06003646",1.27662266370595,2.47815693052972,19.7602399612376,0.000181857044748389,0.000511787928542756,"5.232285","3.770439","8.312283","9.137545","AT5G55380","AT5G55380","MBOAT (membrane bound O-acyl transferase) family protein","-","-","phyB_sig"
"BraA05004504",0.651410827262101,2.94165022110612,7.11413831170806,0.0136960356596078,0.0218547852070384,"BraA05004504",1.05401047956236,2.94165022110612,14.1122905643266,0.00101426314574079,0.00228162096812348," 6.593068"," 5.386783","10.376621","11.203892","AT3G04480","AT3G04480","endoribonuclease","-","-","phyB_sig"
"BraA01000809",0.796516006832458,6.70348899713652,7.10862790052026,0.0137281189139853,0.0218947277104863,"BraA01000809",1.26452921289337,6.70348899713652,13.3308296654878,0.00131616987332948,0.0028756959753201," 55.78251"," 70.10199"," 97.07803","168.38100","AT4G30210","ATR2","P450 reductase 2","-","-","phyB_sig"
"BraA05002414",1.40770097223023,2.25635760453048,7.0726332890285,0.0139397463477302,0.0222009114148815,"BraA05002414",2.19799294031296,2.25635760453048,12.2370469006873,0.00191626298067544,0.00400823645393109,"3.578523","1.856786","9.475806","8.597372","AT1G32170","XTH30","xyloglucan endotransglucosylase/hydrolase 30","-","-","phyB_sig"
"BraA05000421",0.577477127867136,2.89902800855403,7.03647867255069,0.0141559532279842,0.0224974458611139,"BraA05000421",1.18359143710054,2.89902800855403,22.7726766473102,8.02151709105903e-05,0.000251762071811105," 5.569293"," 6.411923"," 8.364089","14.554092","AT3G28415","ABCB22","ABC transporter family protein","-","-","phyB_sig"
"BraA04002606",0.621920107690987,7.16226326730386,6.98934469531537,0.0144434080212368,0.0229195727648218,"BraA04002606",1.09580116613286,7.16226326730386,16.057086258443,0.000544223544423659,0.00132683993017788,"112.64611"," 95.34486","173.33315","203.81519","AT2G35940","BLH1","BEL1-like homeodomain 1","YES","-","phyB_sig"
"BraA08000293",0.458200222757629,5.38295588995686,6.97570524278749,0.0145277911020971,0.0230441685524423,"BraA08000293",1.15765140034844,5.38295588995686,32.906531400268,7.37960573117126e-06,3.33108672809394e-05,"41.51325","31.28997","57.11045","69.78237","AT1G50300","TAF15","TBP-associated factor 15","-","-","phyB_sig"
"BraA01000239",0.819933237231075,3.55787485785134,6.94272516593501,0.0147340920158349,0.0233291025378977,"BraA01000239",1.36357013498824,3.55787485785134,14.4468814979351,0.000908909101826423,0.00207336655981854," 8.927312"," 8.149715","15.807411","21.003432","AT4G36520","AT4G36520","Chaperone DnaJ-domain superfamily protein","-","-","phyB_sig"
"BraA07003576",0.555544504364174,4.91007659301318,6.92378981789482,0.0148540024247081,0.0235047751246512,"BraA07003576",1.07763262272396,4.91007659301318,19.4110303676984,0.000200756218178202,0.000556909212922964,"28.53758","24.46191","42.03818","51.60561","AT1G72820","AT1G72820","Mitochondrial substrate carrier family protein","-","-","phyB_sig"
"BraA09000976",1.02131461409498,5.3064249723149,6.87492770873619,0.0151684480696069,0.0239544604758161,"BraA09000976",1.9896083645373,5.3064249723149,18.6629597743172,0.000248858975453223,0.000672799772180303,"34.66682","23.77680","70.49946","94.34934","AT5G67190","DEAR2","DREB and EAR motif protein 2","YES","-","phyB_sig"
"BraA07002321",1.06349637809449,5.29141114331892,6.77191833781237,0.0158557823548578,0.0249345603222561,"BraA07002321",1.84229668807857,5.29141114331892,14.4822496390727,0.000898490903550135,0.00205108728381133,"44.224824","17.430361","92.354404","62.492224","AT3G62150","ABCB21","P-glycoprotein 21","-","-","phyB_sig"
"BraA07001067",0.643315512406789,2.99869901637148,6.72120829730075,0.0162067617629039,0.0254382160099828,"BraA07001067",1.07393065156193,2.99869901637148,13.9264212470916,0.00107849848715097,0.00240890679548124," 8.118903"," 5.367119","12.618970","11.330462","AT1G52640","AT1G52640","Pentatricopeptide repeat (PPR) superfamily protein","-","-","phyB_sig"
"BraA03001372",1.65547228109357,2.78765833902275,6.6290650942206,0.0168667576661001,0.0263637304532687,"BraA03001372",3.48293410959659,2.78765833902275,19.1143783838768,0.000218497582336266,0.000599886960748791," 4.409585"," 1.720453","13.854192","19.373781","AT5G55970","AT5G55970","RING/U-box superfamily protein","-","-","phyB_sig"
"BraA04000599",0.907613893680814,4.49839315304272,6.59844599777184,0.0170926241516773,0.0266849736309661,"BraA04000599",1.71745676948692,4.49839315304272,17.4942549352985,0.000351071746704806,0.00090463420543026,"13.05164","13.71559","24.85713","45.14138","AT3G53990","AT3G53990","Adenine nucleotide alpha hydrolases-like superfamily protein","-","-","phyB_sig"
"BraA06003051",0.759258631058238,2.93834089931057,6.59164658108294,0.0171432347580569,0.0267533725056331,"BraA06003051",1.11780146654071,2.93834089931057,11.0061913570435,0.00297316978449393,0.00590656221228505," 5.189232"," 5.861364"," 8.815232","12.753539","AT5G62740","HIR1","SPFH/Band 7/PHB domain-containing membrane-associated protein family","-","-","phyB_sig"
"BraA06003213",0.42633776815983,4.27022958172741,6.53503311113034,0.0175711396017762,0.0273452380197703,"BraA06003213",1.08803567663017,4.27022958172741,31.8264742749385,9.30441689137925e-06,4.05458255454899e-05,"17.24830","13.55525","23.06021","28.84232","AT5G64380","AT5G64380","Inositol monophosphatase family protein","-","-","phyB_sig"
"BraA09002230",0.741704401962804,4.77458392561707,6.51766272038198,0.0177047953126704,0.0275369049625921,"BraA09002230",1.09946194768576,4.77458392561707,10.817514438442,0.00318551733612305,0.00628872982197125,"19.65471","22.31986","32.91434","47.85575","AT5G45310","AT5G45310","coiled-coil protein","-","-","phyB_sig"
"BraA02000157",0.831313320652728,5.61772569931341,6.47572962164908,0.0180321180179305,0.0279962061158242,"BraA02000157",1.17244754484162,5.61772569931341,9.62304590400434,0.00498454966276994,0.00937245391136051,"36.79788","36.08343","65.64850","81.30080","AT5G04550","AT5G04550","type-1 restriction enzyme mjaxp r protein (DUF668)","-","-","phyB_sig"
"BraA05004028",0.562938272319225,2.96844625133288,6.44053922263959,0.0183119924869862,0.0284027159780413,"BraA05004028",1.05431485373361,2.96844625133288,17.1848183231703,0.000385259102454698,0.000981067508920393," 7.144334"," 6.406324","10.462769","13.329166","AT3G10572","APEM9","3-phosphoinositide-dependent protein kinase-1","-","-","phyB_sig"
"BraA09001937",0.935155859420514,2.98865319453217,6.41178832651189,0.0185442315029521,0.0287374425378031,"BraA09001937",1.71738362009242,2.98865319453217,16.3867962727963,0.000491390259485547,0.00121344252969917," 5.067725"," 4.860224"," 9.651997","15.998007","AT1G62290","AT1G62290","Saposin-like aspartyl protease family protein","-","-","phyB_sig"
"BraA08002548",0.596756303686633,5.21606227835932,6.38067953715557,0.0187992043780198,0.029089606459893,"BraA08002548",1.01867177026132,5.21606227835932,13.8696894068777,0.00109897997103494,0.00244839982223495,"31.60819","27.68555","47.96252","56.12110","AT1G13000","AT1G13000","transmembrane protein, putative (DUF707)","-","-","phyB_sig"
"BraA06001588",1.7884905500087,2.41973283826741,6.36328484326618,0.0189434684229105,0.0292955583588731,"BraA06001588",4.1183064843302,2.41973283826741,20.9955736384707,0.000129065210386946,0.000380356939054583," 2.9031662"," 1.1188380","10.3015339","19.6677274","AT1G14020","AT1G14020","O-fucosyltransferase family protein","-","-","phyB_sig"
"BraA06003906",0.701866282139951,7.86863948314475,6.32354257039638,0.0192777066237226,0.029768576695516,"BraA06003906",1.29644644826362,7.86863948314475,15.8311509465826,0.000583994433938948,0.00141177582402074,"235.7089","173.5522","383.4143","426.3402","AT5G28910","AT5G28910","alpha-(1,6)-fucosyltransferase","-","-","phyB_sig"
"BraA08002686",1.12193462844908,7.68208446932158,6.3136955122548,0.0193615302221995,0.0298804280515168,"BraA08002686",1.95313767748522,7.68208446932158,13.7195368581387,0.00115526837414185,0.00255787371064746,"187.36493","143.35298","407.90456","555.00886","AT4G38470","STY46","ACT-like protein tyrosine kinase family protein","-","-","phyB_sig"
"BraA06003260",0.58583734497449,4.00749251019925,6.30107075411745,0.0194695916477774,0.0300413069832385,"BraA06003260",1.23852824003311,4.00749251019925,21.028598003233,0.000127905716096281,0.000377576138663814,"15.532366","13.139985","23.294711","30.998630","AT5G64900","PROPEP1","precursor of peptide 1","-","-","phyB_sig"
"BraA09006628",0.563193720041831,3.94570302916544,6.27450280155135,0.0196991937538585,0.0303628387863037,"BraA09006628",1.19382299128954,3.94570302916544,20.9763657190209,0.000129744867671814,0.000381930842931431,"14.24575","10.43867","20.96245","23.89119","AT1G08720","EDR1","Protein kinase superfamily protein","-","-","phyB_sig"
"BraA05001584",0.539442833581816,4.09433765672128,6.2486434643754,0.0199255626368182,0.0306847036399098,"BraA05001584",1.16854551763826,4.09433765672128,22.1187567829802,9.53344402548308e-05,0.000293709941203961,"13.489739","13.739477","19.657671","30.903824","AT2G29700","PH1","pleckstrin homologue 1","-","-","phyB_sig"
"BraA10002201",0.985217487958469,3.43520760985733,6.20631310970515,0.0203023779336317,0.0312069754565784,"BraA10002201",1.60276468826906,3.43520760985733,11.9266916657931,0.00213704005513945,0.00441836470089254," 9.397062"," 5.562015","18.761680","16.930244","AT5G14860","AT5G14860","UDP-Glycosyltransferase superfamily protein","-","-","phyB_sig"
"BraA03002332",0.676904367477566,3.08407308959559,6.20311827610757,0.0203311372522708,0.0312481300996721,"BraA03002332",1.04578444635199,3.08407308959559,11.2226620160377,0.00274844988948856,0.00550962121061332," 7.113867"," 6.306796","11.449435","13.050676","AT2G41945","AT2G41945","transmembrane protein","-","-","phyB_sig"
"BraA01002914",1.10453112902225,2.06370100662768,6.12679906936776,0.0210317851898806,0.0322420642838777,"BraA01002914",2.13446809249989,2.06370100662768,16.3445323601031,0.000497838746205257,0.00122590454713247,"3.752947","1.894897","8.003733","8.349040","AT1G57850","AT1G57850","Toll-Interleukin-Resistance (TIR) domain family protein","-","-","phyB_sig"
"BraA09006717",0.682721446669119,2.26514461126397,6.09777378396013,0.0213052602236523,0.0326433170369208,"BraA09006717",1.74680722772467,2.26514461126397,30.3223110089686,1.29527293558071e-05,5.38414515797136e-05," 3.135609"," 3.010577"," 5.090752","10.126445","AT1G07200","AT1G07200","Double Clp-N motif-containing P-loop nucleoside triphosphate hydrolases superfamily protein","-","-","phyB_sig"
"BraA05003750",0.630732517283616,3.23425165455425,6.08631639661732,0.0214142973368784,0.0327913261245972,"BraA05003750",1.04563989538968,3.23425165455425,12.6482181481525,0.0016613170416088,0.00352746934236105," 9.239923"," 7.340527","14.234513","15.172389","AT3G13700","AT3G13700","RNA-binding (RRM/RBD/RNP motifs) family protein","-","-","phyB_sig"
"BraA08002966",0.751982446630399,7.18696288626274,6.07009656505427,0.0215697196264436,0.0330195863567615,"BraA08002966",1.23473834475085,7.18696288626274,12.0575321601278,0.00204074219631979,0.00424043328977869,"156.55166","105.83598","263.61937","249.02299","AT1G26270","AT1G26270","Phosphatidylinositol 3- and 4-kinase family protein","-","-","phyB_sig"
"BraA04002636",0.590441104999264,3.90175206159656,6.0518370197659,0.0217461891997575,0.0332638501461791,"BraA04002636",1.15066412863066,3.90175206159656,17.271393176242,0.000375342312974006,0.000959069468716485,"14.274074","11.685239","21.352127","25.943647","AT2G36370","AT2G36370","ubiquitin-protein ligase","-","-","phyB_sig"
"BraA10003096",0.670862622712706,4.54492098119385,5.96249533958736,0.0226331025175855,0.0345131789989145,"BraA10003096",1.05043865392362,4.54492098119385,10.95155509067,0.00303301900387779,0.00601558960698544,"19.59596","17.47163","31.29284","36.20252","AT5G47580","ASG7","transmembrane protein","-","-","phyB_sig"
"BraA02002459",0.689516412126406,5.71675422124455,5.91559607331909,0.0231147329295125,0.0351862568965694,"BraA02002459",1.77407017552006,5.71675422124455,28.0796406190154,2.16083748630843e-05,8.27129913290242e-05," 51.58461"," 33.81069"," 83.06037","115.63299","AT1G75220","ERDL6","Major facilitator superfamily protein","-","-","phyB_sig"
"BraA08000795",0.460967438880871,3.37770676494666,5.88498851732535,0.0234352023742385,0.0356430655493781,"BraA08000795",1.00804745291014,3.37770676494666,21.186787337183,0.000122506765016595,0.000363959320755228," 9.968391"," 7.949636","13.701095","16.008886","AT1G34270","AT1G34270","Exostosin family protein","-","-","phyB_sig"
"BraA03004400",0.579210614575194,2.98633870056905,5.84187307707731,0.023895054713475,0.0362793634793187,"BraA03004400",1.05119511415848,2.98633870056905,14.6249645095723,0.000857757506906384,0.0019724036754867," 7.196732"," 6.127817","10.633914","12.714796","AT3G25040","ERD2B","endoplasmic reticulum retention defective 2B","-","-","phyB_sig"
"BraA03004677",0.770102915435791,3.28981348096023,5.75204929011922,0.0248857019328549,0.0376201448735243,"BraA03004677",1.24269715007448,3.28981348096023,11.154507292979,0.00281712733925629,0.00563282321136865," 7.382183"," 5.180292","12.447125","12.300457","AT5G61010","EXO70E2","exocyst subunit exo70 family protein E2","-","YES","phyB_sig"
"BraA07001958",0.546697326632066,8.40638213193284,5.71911362673104,0.0252603360477242,0.0381169292868545,"BraA07001958",1.00403477981537,8.40638213193284,14.3008485510507,0.000953343838455048,0.00216281810569076,"243.6965","291.3846","355.9943","584.3972","AT3G54500","AT3G54500","agglutinin-like protein","-","-","phyB_sig"
"BraA01000153",0.334707684450564,5.49568810094243,5.67875957562132,0.0257279454631029,0.0387779241203906,"BraA01000153",1.05016522134565,5.49568810094243,41.6550514420879,1.31838454611351e-06,8.15698614615825e-06,"39.06969","35.85906","49.25638","74.26017","AT4G37460","SRFR1","Tetratricopeptide repeat (TPR)-like superfamily protein","-","-","phyB_sig"
"BraA02000695",0.654859547161149,5.55287064873929,5.59293756486385,0.0267548468050765,0.0401756619645014,"BraA02000695",1.09830186028563,5.55287064873929,11.7378821239567,0.0022848814207288,0.00468464681024767,"39.20964","34.56728","61.46878","74.01957","AT5G16120","AT5G16120","alpha/beta-Hydrolases superfamily protein","-","-","phyB_sig"
"BraSca000826",0.592854626172146,5.72149762577556,5.50749818271422,0.0278227801079042,0.0416448059266571,"BraSca000826",1.03696324621501,5.72149762577556,12.5411882992217,0.00172390100128082,0.0036465799973337,"46.29866","38.66477","69.72077","79.32589","AT2G29830","AT2G29830","Galactose oxidase/kelch repeat superfamily protein","-","-","phyB_sig"
"BraA04003027",0.645052835438623,3.37821846802958,5.46649471739896,0.0283521206332164,0.0423559585010276,"BraA04003027",1.14296535802127,3.37821846802958,12.8948147759065,0.00152637385558735,0.00327853773020536," 8.824449"," 7.207234","13.910992","15.953622","AT2G42150","AT2G42150","DNA-binding bromodomain-containing protein","YES","-","phyB_sig"
"BraA01000538",0.501513432670731,4.5563245265667,5.4647340272043,0.0283751009200772,0.0423782226475012,"BraA01000538",1.0677738507617,4.5563245265667,18.4516458827395,0.000264626533915276,0.000708853240950721,"22.56134","17.42538","31.93429","36.56392","AT4G33000","CBL10","calcineurin B-like protein 10","-","-","phyB_sig"
"BraA03003982",0.678171772721844,4.62333366620145,5.44621312750709,0.0286180970406167,0.0427006206672961,"BraA03003982",1.78406246200913,4.62333366620145,27.1246545938655,2.70636328487909e-05,0.000100277096502757,"23.31585","14.96165","37.54670","51.50285","AT4G14540","NF-YB3","nuclear factor Y, subunit B3","YES","-","phyB_sig"
"BraA09000306",0.853520927243136,8.76640502869946,5.34210477811879,0.0300280092426666,0.044622438206153,"BraA09000306",1.84855978379117,8.76640502869946,17.9096766919269,0.000310272552724732,0.000813270604477483," 353.5539"," 322.3852"," 638.7389","1161.0791","AT3G26740","CCL","CCR-like protein","-","-","phyB_sig"
"BraA03003035",0.325684213373315,5.21329210510829,5.22968823813291,0.0316382378749378,0.0467109899776307,"BraA03003035",1.0041053024866,5.21329210510829,36.7151650377333,3.37690733276174e-06,1.75016534137866e-05,"40.80488","25.28200","51.04650","50.72807","AT4G03080","BSL1","BRI1 suppressor 1 (BSU1)-like 1","-","-","phyB_sig"
"BraA09003336",0.443038694822194,5.21790723275517,5.21012711230265,0.0319281735406127,0.0471081225655459,"BraA09003336",1.0114704766595,5.21790723275517,20.1504408377016,0.000163003218614829,0.000464879626924698,"37.93861","27.87450","51.56214","56.22528","AT1G33990","MES14","methyl esterase 14","-","-","phyB_sig"
"BraA09003119",0.69312989480814,4.94728064722379,5.17779484877605,0.0324139431579398,0.0477711109837052,"BraA09003119",1.87054960692222,4.94728064722379,27.0001111415702,2.78791655848448e-05,0.00010271958480933,"28.79786","17.16620","46.51959","62.82344","AT4G04955","ALN","allantoinase","-","-","phyB_sig"
"BraA08002283",0.566316187554008,4.07334122332051,5.17350010026929,0.0324790886402464,0.0478581590710988,"BraA08002283",1.26402045672628,4.07334122332051,19.289354692948,0.000207835661082112,0.000574321156150358,"13.56409","12.16267","20.14584","29.22655","AT4G35780","STY17","ACT-like protein tyrosine kinase family protein","-","-","phyB_sig"
"BraA04002432",0.378470204977202,3.46103495375035,5.13217746498641,0.0331134394589803,0.0487069768178417,"BraA04002432",1.10368809237385,3.46103495375035,32.9601319859568,7.2960968997965e-06,3.29906823334665e-05,"10.050544"," 8.269249","12.986999","17.778624","AT5G07940","AT5G07940","dentin sialophosphoprotein-like protein","-","-","phyB_sig"
"BraA06003218",0.508543534236018,3.88410404386484,5.09329721106072,0.033722983508916,0.0495380084396023,"BraA06003218",1.00301184167265,3.88410404386484,14.7242483098869,0.000830611034484253,0.00191810705439879,"13.932099"," 9.654902","19.745520","19.358807","AT5G64440","FAAH","fatty acid amide hydrolase","-","-","phyB_sig"
"BraA04000841",1.31624611869253,7.90510175491435,5.07376168293098,0.0340339859045346,0.0499389333585694,"BraA04000841",2.32347956747001,7.90510175491435,11.1399818103756,0.00283200593936316,0.0056582556858739,"178.41890","125.36855","444.59131","627.52983","AT4G14270","AT4G14270","polyadenylate-binding protein interacting protein","-","-","phyB_sig"
"BraA06000993",0.403084690347138,4.5350797667021,4.94046356324621,0.0362438737997446,0.0528808466451595,"BraA06000993",1.41403598554397,4.5350797667021,44.8327331668678,7.48012944394301e-07,5.18666244262832e-06,"21.88017","16.81765","28.82906","44.81616","AT1G50030","TOR","target of rapamycin","-","YES","phyB_sig"
"BraA02002140",0.74741675245561,2.38346339286779,4.90398344283065,0.0368763776898488,0.0537439060035388,"BraA02002140",1.39977961189606,2.38346339286779,12.9374874728671,0.0015042627936896,0.00323590219662079,"4.586399","3.398252","7.568240","8.989812","AT1G70180","AT1G70180","Sterile alpha motif (SAM) domain-containing protein","-","-","phyB_sig"
"BraA09003366",0.694107196995511,3.90255330325533,4.83337344822332,0.0381361331639985,0.0554156883309948,"BraA09003366",1.16667961856629,3.90255330325533,10.2551552527073,0.00392351365346456,0.00757000550447807,"12.452564","11.040613","20.175960","24.760968","AT1G33475","AT1G33475","SNARE-like superfamily protein","-","-","phyB_sig"
"BraA03005194",0.476751502755634,4.49645792715585,4.58712422651117,0.0429231029084553,0.0617389783221316,"BraA03005194",1.09928763251269,4.49645792715585,18.4846588608231,0.000262093051945441,0.000703121235178671,"17.53437","19.57299","24.29502","41.96505","AT4G19040","EDR2","ENHANCED DISEASE RESISTANCE 2","-","-","phyB_sig"
"BraA05003874",1.10013221723697,6.10714126730248,4.49676394506888,0.0448463822802065,0.0642061176178325,"BraA05003874",2.12368223633311,6.10714126730248,11.8732643914899,0.00217778288932686,0.00448885127432663," 52.96991"," 30.51914","113.79264","132.98514","AT3G12320","AT3G12320","hypothetical protein","-","-","phyB_sig"
"BraA10002205",0.451288765040091,3.61841698042755,4.48529875568044,0.0450972813489238,0.0645242440170949,"BraA10002205",1.01711750607117,3.61841698042755,17.0782529871826,0.000397859889125141,0.0010097250330264,"11.081899"," 8.837855","15.250810","17.912816","AT5G14770","AT5G14770","PPR repeat protein","-","-","phyB_sig"
"BraA08002429",0.779366807185219,2.73022237729074,4.4761900378011,0.045297740344413,0.0647757275389353,"BraA08002429",2.11290967784567,2.73022237729074,23.1746156089669,7.22312149884044e-05,0.000230192209742354," 6.241227"," 3.279251","10.754235","14.170045","AT4G40080","AT4G40080","ENTH/ANTH/VHS superfamily protein","-","-","phyB_sig"
"BraA01000212",0.486562698103344,6.8882373702147,4.37533060873645,0.0475858621749427,0.0676727024425007,"BraA01000212",1.08401547725684,6.8882373702147,16.0479773407342,0.000545768513519959,0.00132957690803346,"102.01455"," 90.56543","143.08393","191.99885","AT4G36870","BLH2","BEL1-like homeodomain 2","YES","YES","phyB_sig"
"BraA04002431",0.414452051884417,2.8014413390895,4.25194279622692,0.0505644819391413,0.0714759717756699,"BraA04002431",1.29041267801661,2.8014413390895,30.8819215994644,1.1439891457213e-05,4.83263262309536e-05," 6.375019"," 4.932160"," 8.429380","12.075064","AT5G07940","AT5G07940","dentin sialophosphoprotein-like protein","-","-","phyB_sig"
"BraA09005650",0.773751758988373,6.39708248454644,4.24293695421578,0.0507900040851468,0.0717625371903241,"BraA09005650",1.57289733364643,6.39708248454644,12.7110204190363,0.0016257541774183,0.00346410867098471," 77.633620"," 51.988157","132.921159","154.736546","AT3G63520","CCD1","carotenoid cleavage dioxygenase 1","-","-","phyB_sig"
"BraA02003297",0.437992876790223,3.0259357289217,4.16994104091221,0.052660516464916,0.0742188869231535,"BraA02003297",1.03106571396833,3.0259357289217,17.9249480381907,0.000308874734372678,0.000810011382710087," 6.554480"," 7.298536"," 8.834492","14.921657","AT5G38930","AT5G38930","RmlC-like cupins superfamily protein","-","-","phyB_sig"
"BraA01000904",0.704258506992578,4.19749582126493,4.14240941651158,0.0533861586100586,0.0751742831027306,"BraA01000904",1.61077649242152,4.19749582126493,15.7168490875092,0.000605313861481565,0.00145549040325692,"17.31325","10.78020","28.22369","32.97011","AT4G29210","GGT4","gamma-glutamyl transpeptidase 4","-","-","phyB_sig"
"BraA03000172",0.548464842856755,4.95868872644266,4.10753132579203,0.0543217396907905,0.0763687194295322,"BraA03000172",1.0487584854192,4.95868872644266,10.9742649704693,0.0030079835059497,0.00597044897650041,"33.26115","16.46876","48.86318","34.08612","AT5G04490","VTE5","phytol kinase 1 VTE5","-","-","phyB_sig"
"BraA02000926",0.63230040709978,5.98752613970102,4.05127332322912,0.0558702355120496,0.0783218299750321,"BraA02000926",1.19432980055438,5.98752613970102,10.6956343281574,0.00333149688700523,0.00653755903272189," 61.05896"," 47.73764"," 94.29578","109.26215","AT5G19820","emb2734","ARM repeat superfamily protein","-","-","phyB_sig"
"BraA03005251",0.711424703924567,3.98118407439978,3.94691741786697,0.0588770547274499,0.0820982318754484,"BraA03005251",1.77808007631281,3.98118407439978,17.6654805180234,0.000333587100413056,0.000865140837579588,"17.245907"," 8.912307","27.975190","30.624944","AT4G02425","AT4G02425","LYR motif protein","-","-","phyB_sig"
"BraA01004289",0.477491086209902,3.43370830375765,3.91722794494184,0.0597657690726244,0.0831827045011149,"BraA01004289",1.01511289814806,3.43370830375765,13.4102545147039,0.00128140092665143,0.00280869664190133,"10.165499"," 8.598544","14.104202","17.391195","AT3G11400","EIF3G1","eukaryotic translation initiation factor 3G1","-","-","phyB_sig"
"BraA09002430",0.409973892865775,4.66590178949012,3.91017151407275,0.0599792289636931,0.0834281604708846,"BraA09002430",1.28787314109763,4.66590178949012,28.3348726775964,2.03618765027681e-05,7.87072534758274e-05,"25.00981","16.77494","33.31383","40.98948","AT2G01410","AT2G01410","NHL domain-containing protein","-","-","phyB_sig"
"BraA09001880",0.552073881667192,3.69162633498371,3.84825197035532,0.0618899458802384,0.0858582538476073,"BraA09001880",1.66367662335843,3.69162633498371,25.1449925121449,4.37964082787443e-05,0.000150909690522643,"14.377365"," 7.266794","20.822433","23.078447","AT1G58440","XF1","FAD/NAD(P)-binding oxidoreductase family protein","-","-","phyB_sig"
"BraA02002982",0.357579952003308,5.48258257315893,3.82993531835467,0.0624683614738485,0.0865157949492631,"BraA02002982",1.06807166598378,5.48258257315893,25.3776756632466,4.1342998445352e-05,0.000143746144362677,"40.82952","34.43846","52.31234","72.22366","AT4G02730","WDR5b","Transducin/WD40 repeat-like superfamily protein","-","-","phyB_sig"
"BraA07003571",0.613914093226739,2.62983709799642,3.8283474424859,0.0625187935179509,0.0865780230487899,"BraA07003571",1.19624166611338,2.62983709799642,10.940033325799,0.00304580789296584,0.00603867190266813,"5.294298","4.248165","8.132733","9.750624","AT1G72730","AT1G72730","DEA(D/H)-box RNA helicase family protein","-","-","phyB_sig"
"BraA08003656",0.456709789393418,6.44178655674269,3.78267747444231,0.0639893303895376,0.0884122243970613,"BraA08003656",1.27376769262617,6.44178655674269,21.5944589060202,0.000109703411254533,0.00033104518656947," 84.45042"," 71.14043","115.86420","171.99121","AT1G10200","WLIM1","GATA type zinc finger transcription factor family protein","-","-","phyB_sig"
"BraA07003366",0.674149415098355,4.79867863938722,3.72233180277885,0.0659932236033741,0.0909016661868477,"BraA07003366",2.3344352072149,4.79867863938722,30.6478025793828,1.20480467853064e-05,5.05292449775438e-05,"25.80651","10.95679","41.26213","55.35184","AT1G70300","KUP6","K  uptake permease 6","-","-","phyB_sig"
"BraA09003227",0.433856854466317,5.3048414319068,3.66973947172105,0.0677981527181047,0.0931677076814185,"BraA09003227",1.20500394423814,5.3048414319068,20.9514967734601,0.000130630632981401,0.000384179028984913,"33.65213","27.82337","45.55538","64.18930","AT1G34750","AT1G34750","Protein phosphatase 2C family protein","-","-","phyB_sig"
"BraA06001908",0.422962416890221,5.22870162424525,3.54570859131759,0.0722824690016911,0.0986581739582569,"BraA06001908",1.45398031361504,5.22870162424525,30.4322416474214,1.26391810284276e-05,5.26855692233716e-05,"40.85556","26.18029","54.79146","71.71611","AT1G17340","AT1G17340","Phosphoinositide phosphatase family protein","-","-","phyB_sig"
"BraA07000426",0.557369789955049,2.97008114820109,3.35243005546364,0.0799646058491928,0.108108581911043,"BraA07000426",1.32319634774123,2.97008114820109,13.6889450266029,0.00116711844314185,0.00258229467178138," 8.612131"," 4.638470","12.670273","11.632470","AT5G01830","SAUR21","ARM repeat superfamily protein","-","-","phyB_sig"
"BraA05001504",0.730723863068219,2.83554987894986,3.34105084517683,0.0804453215498267,0.108612914839104,"BraA05001504",1.4616864138333,2.83554987894986,9.96617886914727,0.00437418139747217,0.00834641958979415," 6.089201"," 5.212686","10.189622","14.402742","AT2G30960","AT2G30960","myosin-M heavy chain-like protein","-","-","phyB_sig"
"BraA01001899",0.54042942226002,6.6591638046416,3.3249987060456,0.0811291038673505,0.109470389616125,"BraA01001899",1.42284850029565,6.6591638046416,16.7033028978819,0.000445897981106974,0.00111527637416554,"105.61801"," 53.68240","153.67778","143.98227","AT4G27300","AT4G27300","S-locus lectin protein kinase family protein","-","-","phyB_sig"
"BraA10001801",0.443056978943509,6.74769312281329,3.30859062960846,0.0818349636644953,0.110262140736103,"BraA10001801",1.0311412588265,6.74769312281329,13.2510546367694,0.00135213271814754,0.00294609205199921,"112.75188"," 82.96672","153.07989","169.55931","AT5G19820","emb2734","ARM repeat superfamily protein","-","-","phyB_sig"
"BraA08001359",0.687632545001543,2.65567326806099,3.02296906590918,0.0953322291676927,0.126530844683319,"BraA08001359",2.0427409189421,2.65567326806099,19.3433517534825,0.000204660936588555,0.000566443316670275," 6.014745"," 3.507903"," 9.474037","14.480965","AT5G47110","LIL3:2","Chlorophyll A-B binding family protein","-","-","phyB_sig"
"BraA05003616",0.4850316088159,2.67565181996301,3.00151986763344,0.0964457470326238,0.127771741292273,"BraA05003616",1.01083844907802,2.67565181996301,9.90706571306378,0.00447320000948025,0.00851916297687774," 6.177010"," 5.065036"," 8.521876","10.213093","AT4G36840","AT4G36840","Galactose oxidase/kelch repeat superfamily protein","-","-","phyB_sig"
"BraA09003863",0.491737317105993,7.41008759150725,2.95555272563782,0.0988833002124688,0.130791860953299,"BraA09003863",1.03186787404021,7.41008759150725,9.61475433944424,0.00500041170645535,0.00939554497548134,"164.5230","122.9800","231.4045","251.4420","AT1G28520","VOZ1","vascular plant one zinc finger protein","YES","YES","phyB_sig"
"BraA03004011",0.406738315104431,4.50723762156204,2.83952231963193,0.105361446366527,0.138719294505155,"BraA03004011",1.10964013407543,4.50723762156204,15.7680083830391,0.000595668504646078,0.00143514805803295,"21.52225","17.51975","28.56213","37.78139","AT3G16500","PAP1","phytochrome-associated protein 1","-","-","phyB_sig"
"BraA05003745",0.778237826817174,8.50975841682429,2.77743755602888,0.109030251114281,0.14299942942578,"BraA05003745",2.13456037267232,8.50975841682429,14.6056661451939,0.000863145756719388,0.00198363472196863,"329.3647","213.4635","564.7247","937.2862","AT3G13750","BGAL1","beta galactosidase 1","-","-","phyB_sig"
"BraA10002320",0.466833851932095,5.85161786737283,2.72777506548885,0.1120726898649,0.146611048742813,"BraA10002320",1.15368589900116,5.85161786737283,12.2648324330748,0.00189774955911596,0.0039726796196948,"59.70829","43.33897","82.42294","96.43210","AT5G13180","NAC083","NAC domain containing protein 83","YES","YES","phyB_sig"
"BraA05004593",0.677285578374051,3.61067789240911,2.7126370956656,0.113019748518108,0.147702660384841,"BraA05004593",1.56011889706238,3.61067789240911,10.6309701741899,0.00341191223158393,0.00667621811600336,"10.524819"," 8.330360","16.921616","24.593443","AT3G03150","AT3G03150","hypothetical protein","-","-","phyB_sig"
"BraA06004447",0.750320130432673,2.51524248041136,2.51451162958107,0.126323364642345,0.163312505911335,"BraA06004447",1.82471443179431,2.51524248041136,10.7778711934671,0.00323221505518621,0.00636415623825756," 5.617289"," 3.440124"," 9.406881","12.146690","AT2G02950","PKS1","phytochrome kinase substrate 1","-","-","phyB_sig"
"BraA10002618",0.42613714975625,2.82520629926303,2.39579991750922,0.135179007153332,0.173450523566761,"BraA10002618",1.20835406512097,2.82520629926303,14.4228605506643,0.000916060014195704,0.002088143904035," 6.628985"," 5.038951"," 8.834021","11.654344","AT5G05700","ATE1","arginine-tRNA protein transferase 1","-","YES","phyB_sig"
"BraA07000330",0.406043480080981,7.12362678248528,2.28317917352151,0.144268979085397,0.183780651570423,"BraA07000330",1.2112740652122,7.12362678248528,14.9057231129793,0.000783384016187885,0.00181945763830564,"122.28883","104.00034","162.12677","240.86939","AT2G17710","AT2G17710","Big1","-","-","phyB_sig"
"BraA02004399",0.724605394861504,6.92149871737916,2.27804562520397,0.144700391231905,0.18427056294419,"BraA02004399",2.04466310460064,6.92149871737916,12.7410514914466,0.00160904351045971,0.00343408065825571,"127.50983"," 67.73101","210.48751","279.49327","AT5G63800","MUM2","Glycosyl hydrolase family 35 protein","-","-","phyB_sig"
"BraA03005248",1.30006571884038,2.34770085075938,2.1937735245271,0.15200779080311,0.192563591729654,"BraA03005248",3.64975399151712,2.34770085075938,10.7940294997388,0.00321309142477813,0.00633204695455212," 4.0382180"," 1.2771519"," 9.9628709","16.2995730","AT4G20200","AT4G20200","Terpenoid cyclases/Protein prenyltransferases superfamily protein","-","-","phyB_sig"
"BraA10002802",0.565720858727052,7.36181169020058,2.15103917570506,0.155882078909681,0.196995898999468,"BraA10002802",2.09616138089248,7.36181169020058,20.5885438686671,0.000144336166263445,0.000418465878980773,"156.71140"," 78.16755","232.03450","334.15457","AT5G06980","AT5G06980","hypothetical protein","-","-","phyB_sig"
"BraA08002155",0.533117814592612,2.57134626534695,2.13934166975971,0.156963181076207,0.198298456548639,"BraA08002155",1.86214719977048,2.57134626534695,18.8066979829528,0.000238720119457899,0.000648507884064088," 5.907334"," 3.552215"," 8.641772","12.939220","AT4G27470","RMA3","RING membrane-anchor 3","-","-","phyB_sig"
"BraA06000774",0.332318474737786,5.8227787904929,1.92331539580838,0.178657536690677,0.222773479165908,"BraA06000774",1.00098533303661,5.8227787904929,12.9577552655611,0.00149388380904648,0.00321621271431973,"55.56633","48.10068","70.04415","96.27044","AT1G53390","ABCG24","P-loop containing nucleoside triphosphate hydrolases superfamily protein","-","-","phyB_sig"
"BraA08003080",0.646453485253888,5.96217391899196,1.87080703728621,0.184470937100781,0.229132934814259,"BraA08003080",1.73041690316281,5.96217391899196,9.56332451687634,0.00510004554167312,0.00956676401214813," 74.04048"," 33.58731","115.62800","111.45145","AT1G22570","AT1G22570","Major facilitator superfamily protein","-","-","phyB_sig"
"BraA06003186",0.271013503632585,3.34557904479607,1.67753276840659,0.207977921306975,0.255149842663429,"BraA06003186",1.00791634849558,3.34557904479607,17.2938487773948,0.000372815817478385,0.000954010887190664," 9.905283"," 6.790020","12.032830","13.670280","AT5G64180","AT5G64180","tropomyosin","-","-","phyB_sig"
"BraA08001584",0.40759983837942,3.27030715006148,1.62713672323745,0.214709048535618,0.262670637645782,"BraA08001584",1.22473058247453,3.27030715006148,10.9748527147356,0.00300733858658374,0.00596992172440762," 9.859610"," 6.841578","12.958085","15.976323","AT4G22360","AT4G22360","SWIB complex BAF60b domain-containing protein","-","-","phyB_sig"
"BraA01001292",0.498003500720022,4.41899462782203,1.62193642519095,0.21541903099475,0.263436838463007,"BraA01001292",1.46454343970188,4.41899462782203,10.196113948442,0.00401127708544089,0.00771663423671958,"20.77167","12.31601","29.27120","33.96327","AT4G21390","B120","S-locus lectin protein kinase family protein","-","-","phyB_sig"
"BraA05004402",0.445101721246951,8.93460471873725,1.49885240410567,0.233120336639153,0.282635286758945,"BraA05004402",1.42226296308853,8.93460471873725,11.0868053690993,0.0028872140340239,0.00575541399386222,"589.9087","331.4637","802.9572","888.3765","AT3G05900","AT3G05900","neurofilament protein-like protein","-","-","phyB_sig"
"BraA05000368",0.398218865718472,4.07604176931875,1.47579006912565,0.236639352430634,0.286515646712168,"BraA05000368",1.25446453953287,4.07604176931875,10.8911246614288,0.00310075701329338,0.00613445662716271,"16.802644","14.700223","22.159171","35.045907","AT2G42280","FBH4","basic helix-loop-helix (bHLH) DNA-binding superfamily protein","YES","-","phyB_sig"
"BraA01003589",0.389052650443646,4.35905363786042,1.36283072435197,0.254891685476803,0.306586820220455,"BraA01003589",1.34241129085185,4.35905363786042,11.7742894574577,0.00225552458654013,0.00463109274617033,"24.80142","12.17858","32.21495","30.93138","AT3G19680","AT3G19680","hypothetical protein (DUF1005)","-","-","phyB_sig"
"BraA03000200",0.302355636298342,5.44278773213619,1.24225483406273,0.276436476612823,0.329754463197107,"BraA03000200",1.03022861857574,5.44278773213619,10.4734628619226,0.0036168348806799,0.00704479408760075,"58.36311","21.33903","71.97211","43.58504","AT5G04980","AT5G04980","DNAse I-like superfamily protein","-","-","phyB_sig"
"BraA03003884",0.310232427877059,5.58778286777559,1.2168951342815,0.28126867752174,0.334934860356498,"BraA03003884",1.3321195707864,5.58778286777559,16.3771477661212,0.000492854328999347,0.0012153656001876,"51.91064","33.76040","64.32666","85.01499","AT3G14200","AT3G14200","Chaperone DnaJ-domain superfamily protein","-","-","phyB_sig"
"BraA09005208",0.27946072770675,7.72939260672127,1.16758686944219,0.290989271027761,0.345412603769002,"BraA09005208",1.2309895567966,7.72939260672127,16.5380050644222,0.000469054868603348,0.0011665229312398,"232.4506","146.2378","282.2196","343.2374","AT3G59060","PIL6","phytochrome interacting factor 3-like 6","YES","YES","phyB_sig"
"BraA10001947",0.367557269290258,6.46466780100018,1.10938497177934,0.303049275055354,0.357973402579457,"BraA10001947",1.71623656357209,6.46466780100018,17.2209989743987,0.000381080431105173,0.000971841540115915,"102.71278"," 52.37620","132.62824","172.04950","AT5G18170","GDH1","glutamate dehydrogenase 1","-","YES","phyB_sig"
"BraA05002781",0.465352206144636,4.83945203703709,1.06607056641073,0.312465671085655,0.367881641326068,"BraA05002781",1.83343118835447,4.83945203703709,11.8228331928079,0.00221702202562017,0.00455977089811334,"31.769996","20.207378","43.787605","72.020502","AT5G40450","AT5G40450","A-kinase anchor-like protein","-","-","phyB_sig"
"BraA05003762",0.234624358857061,6.93655754160423,1.02991700204368,0.320632921251315,0.376343190193564,"BraA05003762",1.04017220241669,6.93655754160423,14.8980410576723,0.000785322660149862,0.00182342213759534,"130.13347"," 79.99861","152.89697","164.51978","ATCG00020","PSBA","photosystem II reaction center protein A","-","YES","phyB_sig"
"BraA09006344",0.280852911937537,4.84171167888322,1.02190321644098,0.322482799636172,0.378204252013512,"BraA09006344",1.03614830009888,4.84171167888322,10.3248852783801,0.00382256439482212,0.00740245614843752,"32.32406","24.88872","39.18478","51.03429","AT1G13700","PGL1","6-phosphogluconolactonase 1","-","-","phyB_sig"
"BraA01002513",0.561563591146668,2.561196296486,0.964780580971569,0.336105938137401,0.392223270038752,"BraA01002513",2.74156085405981,2.561196296486,15.1347944803108,0.000727909782840909,0.00170762312186273," 5.170573"," 1.660358"," 7.605378","11.247573","AT3G50030","AT3G50030","ARM-repeat/Tetratricopeptide repeat (TPR)-like protein","-","-","phyB_sig"
"BraA08003354",0.251683393399946,2.6705867063674,0.951530769413821,0.339379893284075,0.395603904339136,"BraA08003354",1.15210068393254,2.6705867063674,14.9231961875284,0.000778993938485901,0.00181086465688496," 6.367722"," 4.665152"," 7.596498","10.368311","AT1G17210","ILP1","IAP-like protein 1","-","-","phyB_sig"
"BraA08003183",0.267273982314402,10.8932924630549,0.86767442194701,0.361180994974589,0.418229151835506,"BraA08003183",1.38132788273012,10.8932924630549,16.7830651341691,0.000435172497310494,0.0010915721287119,"1922.7424","1563.2394","2314.0755","4072.3768","AT1G20620","CAT3","catalase 3","-","YES","phyB_sig"
"BraA06004370",0.282109401687479,3.89548075442075,0.848901392947137,0.366334162650036,0.423697532523445,"BraA06004370",1.26370330743352,3.89548075442075,13.0171757811123,0.00146390359456717,0.00316222399455025,"11.51848","13.35167","13.84894","32.03486","AT3G25740","MAP1B","methionine aminopeptidase 1C","-","-","phyB_sig"
"BraA09002908",0.21830288095371,7.73325301529781,0.811485081622451,0.376926842959255,0.434174715975753,"BraA09002908",1.31820257856803,7.73325301529781,21.5163719683302,0.000112038251131928,0.000336992561210883,"225.4250","164.9801","262.2299","411.3691","AT4G08920","CRY1","cryptochrome 1","-","YES","phyB_sig"
"BraA06002608",0.23673789887085,6.03063625561562,0.785010956542015,0.384693857851256,0.441847732237213,"BraA06002608",1.15707182838241,6.03063625561562,13.8051700679654,0.00112279079662776,0.00249403431257705," 65.58848"," 53.75295"," 77.28189","119.87362","AT3G47160","AT3G47160","RING/U-box superfamily protein","-","-","phyB_sig"
"BraA03001712",0.238837299437944,3.7551541088558,0.616687309147355,0.440217733014476,0.497381890578412,"BraA03001712",1.87305722134946,3.7551541088558,26.2797392897752,3.31532942481914e-05,0.000119100230393123,"17.003226"," 5.795494","20.089590","21.257578","AT2G30520","RPT2","Phototropic-responsive NPH3 family protein","-","-","phyB_sig"
"BraA03001958",0.193576955493833,5.0317056349558,0.589358135625927,0.450401324039937,0.50695915620628,"BraA03001958",1.25093460964793,5.0317056349558,18.0611869224981,0.000296703969407286,0.000782789218650802,"35.18920","22.34506","40.17923","53.21236","AT5G47840","AMK2","adenosine monophosphate kinase","-","YES","phyB_sig"
"BraA10000458",0.248980924506241,5.72594976073855,0.509223882861938,0.482583886420053,0.538103596787449,"BraA10000458",1.57851304481146,5.72594976073855,14.6917695563218,0.000839386791476725,0.00193553297653731,"60.05389","31.48619","71.34155","94.01730","AT1G05805","AT1G05805","basic helix-loop-helix (bHLH) DNA-binding superfamily protein","YES","-","phyB_sig"
"BraA08003027",0.201712033951837,3.86747308878437,0.451304295550702,0.508343175262653,0.563473350608039,"BraA08003027",1.21856899449133,3.86747308878437,12.0757928992837,0.00202768429316096,0.00421608332554207,"17.126257"," 9.655080","19.699456","22.451788","AT1G24160","AT1G24160","triadin","-","-","phyB_sig"
"BraA08002493",0.240875101846661,4.15608224354328,0.433009940668165,0.516984747873177,0.571850223815116,"BraA08002493",1.36533412130125,4.15608224354328,10.1616823820801,0.00406345138930732,0.00780936811571395,"18.605867","12.132379","21.968793","31.308708","AT4G39090","RD19","Papain family cysteine protease","-","YES","phyB_sig"
"BraA09000907",0.178602268879837,6.96934749665814,0.432799299722075,0.517085774447136,0.571875357630546,"BraA09000907",1.11955912929284,6.96934749665814,12.4687472957637,0.00176772110568196,0.00372775056316104,"145.01838"," 88.91822","164.14777","193.19573","AT5G64920","CIP8","COP1-interacting protein 8","-","-","phyB_sig"
"BraA05003198",0.434140830374526,4.15012818250536,0.428849074872759,0.518986961627424,0.57373611293831,"BraA05003198",2.61966625236585,4.15012818250536,10.2471125109456,0.00393534409407209,0.00758911002703928,"17.268952"," 4.896956","23.518706","30.138640","AT2G36220","AT2G36220","hypothetical protein","-","-","phyB_sig"
"BraA09004145",-0.20539455159443,3.60174956203047,0.37259325286656,0.547520380281962,0.601393634727012,"BraA09004145",1.44077085224591,3.60174956203047,13.5348958745077,0.00122884473723307,0.00270593399049365,"13.113474"," 8.351613","11.334937","22.710989","AT1G27060","AT1G27060","Regulator of chromosome condensation (RCC1) family protein","-","-","phyB_sig"
"BraA07001554",0.135800161501164,11.734286059504,0.208332648868673,0.652316600532597,0.699180339964799,"BraA07001554",1.16741043537663,11.734286059504,11.2500151649024,0.00272140446831869,0.00546273771446336,"3513.354","2731.498","3860.202","6135.197","AT1G20620","CAT3","catalase 3","-","YES","phyB_sig"
"BraA09004461",0.0852429333867782,6.56335864873302,0.0998300721348182,0.754855182117724,0.791514260644393,"BraA09004461",1.29480726493164,6.56335864873302,16.7507539540967,0.000439483035001252,0.00110115615582931,"124.27775"," 69.74625","131.88297","171.12955","AT3G50630","KRP2","KIP-related protein 2","-","YES","phyB_sig"
"BraA04003094",0.0618155206266086,3.44793653887571,0.024162580925448,0.877814845724265,0.899473059807299,"BraA04003094",1.59451654910895,3.44793653887571,11.7055543103222,0.00231129957704432,0.00473080043467849,"13.633532"," 7.245608","14.118666","21.912999","AT2G43010","PIF4","phytochrome interacting factor 4","YES","YES","phyB_sig"
"BraA07001212",0.0635614790473805,3.96622582137217,0.0198872957475253,0.889068150311056,0.908770491844405,"BraA07001212",1.6611091468641,3.96622582137217,9.62032779284319,0.00498974340536148,0.00938109904448038,"19.969900"," 8.517913","20.798697","26.939104","AT1G24530","AT1G24530","Transducin/WD40 repeat-like superfamily protein","-","-","phyB_sig"
